COD_MUNIC;A_DEFUN;SIT_DEFUN;OTRSITIODE;COD_INST;NOM_INST;TIPO_DEFUN;ANO;MES;HORA;MINUTOS;SEXO;EST_CIVIL;GRU_ED1;GRU_ED2;NIVEL_EDU;ULTCURFAL;MUERTEPORO;SIMUERTEPO;OCUPACION;IDPERTET;CODPRES;CODPTORE;CODMUNRE;AREA_RES;SEG_SOCIAL;IDADMISALU;IDCLASADMI;PMAN_MUER;CONS_EXP;MU_PARTO;T_PARTO;TIPO_EMB;T_GES;PESO_NAC;EDAD_MADRE;N_HIJOSV;N_HIJOSM;EST_CIVM;NIV_EDUM;ULTCURMAD;EMB_FAL;EMB_SEM;EMB_MES;MAN_MUER;CODOCUR;CODMUNOC;C_MUERTE;C_MUERTEB;C_MUERTEC;C_MUERTED;C_MUERTEE;ASIS_MED;C_DIR1;C_DIR12;C_ANT1;C_ANT12;C_ANT2;C_ANT22;C_ANT3;C_ANT32;C_PAT1;C_PAT2;C_BAS1;CAUSA_666;IDPROFCER;CAU_HOMOL
170;1;1; ;6,617E+11;EMPRESA SOCIAL DEL ESTADO HOSPITAL SANTA MONICA;2;2017;1;8;15;1;4;22;6;3;9;2; ;OTROS ARTESANOS, NO CLASIFICADOS BAJO OTROS EP?GRAFES;6;170;66;170;1;1;1;E.P.S.  SANITAS  S.A.;1;1; ; ; ; ;0;0;0;0; ; ;0; ; ; ; ; ; ; ;1; ; ; ;1;C61; ; ; ; ; ; ; ;N390; ;C61;210;1;28
1;1;1; ;6,6001E+11;EMPRESA SOCIAL DEL ESTADO HOSPITAL UNIVERSITARIO SAN JORGE;2;2017;1;18;0;1;6;23;6;2;3;2; ;HOGAR;6;170;66;687;1;2;2;ASMET SALUD ESS - ASOCIACION MUTUAL LA ESPERANZA;1;1; ; ; ; ;0;0;0;0; ; ;0; ; ; ; ; ; ; ;1;1;1; ;1;C61; ; ; ; ; ; ; ; ; ;C61;210;1;28
1;1;1; ;6,6001E+11;EMPRESA SOCIAL DEL ESTADO HOSPITAL UNIVERSITARIO SAN JORGE;2;2017;1;12;0;1;4;24;6;13;0;2; ;AGRICULTORES DE CULTIVOS TRANSITORIOS;6;170;66;1;3;2;2;ASMET SALUD ESS - ASOCIACION MUTUAL LA ESPERANZA;1;1; ; ; ; ;0;0;0;0; ; ;0; ; ; ; ; ; ; ;1; ; ; ;1;K922; ;R571; ;C61; ; ; ; ; ;C61;210;1;28
682;1;3; ;6,6682E+11;EMPRESA SOCIAL DEL ESTADO HOSPITAL SAN VICENTE DE PAUL SANTA ROSA DE CABAL;2;2017;2;11;44;1;5;24;6;99;99;2; ;HOGAR;6;170;66;682;1;2;2;CAFESALUD EPSS SA;1;2; ; ; ; ;0;0;0;0; ; ;0; ; ; ; ; ; ; ; ; ;1; ;1;I219; ;C61; ; ; ; ; ; ; ;C61;210;1;28
1;2;3; ;6,6001E+11;HOSPITAL DE KENNEDY;2;2017;1;9;30;1;4;25;6;2;5;2; ;AGRICULTORES DE CULTIVOS PERMANENTES (PLANTACIONES DE ?RBOLES Y ARBUSTOS);6;170;66;1;2;2;2;ASMET SALUD ESS - ASOCIACION MUTUAL LA ESPERANZA;1;2; ; ; ; ;0;0;0;0; ; ;0; ; ; ; ; ; ; ;1; ;1; ;1;I490; ;R688; ;N19; ;C61; ; ; ;C61;210;1;28
687;1;6;AMBULANCIA;6,6687E+11;EMPRESA SOCIAL DEL ESTADO HOSPITAL SAN VICENTE DE PAUL;2;2017;2;12;25;1;6;25;6;99;99;2; ;AGRICULTORES DE CULTIVOS TRANSITORIOS;6;170;66;687;1;1;1;COOMEVA   E.P.S.  S.A.;1;2; ; ; ; ;0;0;0;0; ; ;0; ; ; ; ; ; ; ; ; ;1; ;2;I219; ;I619; ;C61; ; ; ; ; ;C61;210;1;28
1;1;1; ;6,6001E+11;COORP. IPS CRUZ BLANCA CLINICA PEREIRA;2;2017;2;4;20;1;4;23;6;2;5;2; ;PENSIONADO;6;170;66;1;1;1;1;CAFESALUD;1;1; ; ; ; ;0;0;0;0; ; ;0; ; ; ; ; ; ; ;1; ; ; ;1;J969; ;I269; ;C61; ; ; ; ; ;C61;210;1;28
1;1;1; ;6,6001E+11;CLINICA SAN RAFAEL;2;2017;2;6;18;1;6;25;6;3;9;2; ;HOGAR;6;170;66;1;1;1;1;CAFESALUD;1;2; ; ; ; ;0;0;0;0; ; ;0; ; ; ; ; ; ; ;1;1; ; ;1;N390; ;N139; ;C61; ; ; ;J449; ;C61;210;1;28
1;1;1; ;6,6001E+11;EMPRESA SOCIAL DEL ESTADO HOSPITAL UNIVERSITARIO SAN JORGE;2;2017;2;4;45;1;9;25;6;99;99;2; ;SIN INFORMACION;6;170;66;75;3;2;2;CAFESALUD EPSS SA;1;1; ; ; ; ;0;0;0;0; ; ;0; ; ; ; ; ; ; ;1;1;1; ;1;R571; ;C61; ; ; ; ; ;I10;R31;C61;210;1;28
1;1;3; ;6,6001E+11;SERVICIO DE EMERGENCIAS REGIONALSERVICIO DE AMBULANCIA PREPAGO S.A;2;2017;3;20;15;1;6;22;6;3;9;2; ;AUXILIARES DE LA POLICIA NACIONAL;6;170;66;1;1;3;5;POLICIA NACIONAL;1;2; ; ; ; ;0;0;0;0; ; ;0; ; ; ; ; ; ; ;1; ;1; ;1;C61; ; ; ; ; ; ; ;I10;I500;C61;210;1;28
1;1;1; ;6,6001E+11;CLINICA LOS ROSALES S.A;2;2017;4;23;6;1;6;25;6;2;4;2; ;AGRICULTORES DE CULTIVOS PERMANENTES (PLANTACIONES DE ?RBOLES Y ARBUSTOS);6;170;66;1;1;1;1;NUEVA EPS SA;1;1; ; ; ; ;0;0;0;0; ; ;0; ; ; ; ; ; ; ;1; ; ; ;1;J960; ;Z730; ;C61; ; ; ;N133; ;C61;210;1;28
1;1;3; ;6,6001E+11;CLINICA LOS ROSALES S.A;2;2017;4;17;45;1;6;24;6;2;5;2; ;HOGAR;6;170;66;1;1;1;1;NUEVA EPS SA;1;2; ; ; ; ;0;0;0;0; ; ;0; ; ; ; ; ; ; ; ; ;1; ;2;I219; ;I509; ;C61; ; ; ; ; ;C61;210;1;28
1;1;1; ;6,6001E+11;EMPRESA SOCIAL DEL ESTADO HOSPITAL UNIVERSITARIO SAN JORGE;2;2017;4;4;40;1;6;22;6;2;5;2; ;AGRICULTORES DE CULTIVOS TRANSITORIOS;6;170;66;1;1;2;2;ASMET SALUD ESS - ASOCIACION MUTUAL LA ESPERANZA;1;1; ; ; ; ;0;0;0;0; ; ;0; ; ; ; ; ; ; ;1; ; ; ;1;J960; ;C61;C795; ; ; ; ; ; ;C61;210;1;28
682;1;3; ;6,6682E+11;EMPRESA SOCIAL DEL ESTADO HOSPITAL SAN VICENTE DE PAUL SANTA ROSA DE CABAL;2;2017;4;4;0;1;1;25;6;4;11;2; ;AGRICULTORES DE CULTIVOS TRANSITORIOS;6;170;66;682;1;2;2;ASMET SALUD ESS - ASOCIACION MUTUAL LA ESPERANZA;1;2; ; ; ; ;0;0;0;0; ; ;0; ; ; ; ; ; ; ;1; ;1; ;1;I469; ;R688; ;C61; ; ; ;I10; ;C61;210;1;28
1;1;1; ;6,6001E+11;CLINICA LOS ROSALES S.A;2;2017;4;4;25;1;4;26;6;2;5;2; ;HOGAR;6;170;66;1;1;1;1;NUEVA EPS SA;1;2; ; ; ; ;0;0;0;0; ; ;0; ; ; ; ; ; ; ;1; ;1; ;1;I509; ;C61;C785;K922; ; ; ;F03; ;C61;210;1;28
1;1;1; ;6,6001E+11;CLINICA LOS ROSALES S.A;2;2017;4;18;44;1;6;19;5;4;11;2; ;HOGAR;6;170;66;170;1;1;1;E.P.S.  SANITAS  S.A.;1;1; ; ; ; ;0;0;0;0; ; ;0; ; ; ; ; ; ; ;1; ; ; ;1;J969; ;J81; ;C782; ;C61; ;C795; ;C61;210;1;28
1;1;3; ;6,6001E+11;SERVICIO DE EMERGENCIAS REGIONALSERVICIO DE AMBULANCIA PREPAGO S.A;2;2017;4;11;58;1;2;23;6;2;4;2; ;AGENTES COMERCIALES Y CORREDORES, NO CLASIFICADOS BAJO OTROS EP?GRAFES;6;170;66;1;1;1;1;NUEVA EPS SA;1;2; ; ; ; ;0;0;0;0; ; ;0; ; ; ; ; ; ; ;1; ;1; ;1;C61; ; ; ; ; ; ; ;E46; ;C61;210;1;28
1;1;3; ;6,6001E+11;SERVICIO DE EMERGENCIAS REGIONALSERVICIO DE AMBULANCIA PREPAGO S.A;2;2017;4;14;30;1;1;24;6;7;2;2; ;AGRICULTORES DE CULTIVOS TRANSITORIOS;6;170;66;1;1;1;1;CAFESALUD;1;2; ; ; ; ;0;0;0;0; ; ;0; ; ; ; ; ; ; ;1; ; ; ;1;C61; ; ; ; ; ; ; ;I10; ;C61;210;1;28
1;1;1; ;6,6001E+11;COORP. IPS CRUZ BLANCA CLINICA PEREIRA;2;2017;4;18;18;1;6;26;6;99;99;2; ;SIN INFORMACION;6;170;66;682;1;1;1;CAFESALUD;1;1; ; ; ; ;0;0;0;0; ; ;0; ; ; ; ; ; ; ;1; ; ; ;1;C61; ;K922; ; ; ; ; ;K259;I10;C61;210;1;28
170;1;1; ;6,617E+11;EMPRESA SOCIAL DEL ESTADO HOSPITAL SANTA MONICA;2;2017;5;16;30;1;6;26;6;2;5;2; ;TRABAJADORES AGROPECUARIOS;6;170;66;1;1;2;2;CAFESALUD EPSS SA;1;1; ; ; ; ;0;0;0;0; ; ;0; ; ; ; ; ; ; ;1; ; ; ;1;R688; ;N390; ;N390; ;C61; ; ; ;C61;210;1;28
1;1;3; ;6,6001E+11;EMPRESA SOCIAL DEL ESTADO HOSPITAL UNIVERSITARIO SAN JORGE;2;2017;5;7;0;1;9;24;6;99;99;2; ;PENSIONADO;6;170;66;170;1;2;2;CAFESALUD EPSS SA;1;2; ; ; ; ;0;0;0;0; ; ;0; ; ; ; ; ; ; ; ; ;1; ;2;C61; ; ; ; ; ; ; ; ; ;C61;210;1;28
1;1;1; ;6,6001E+11;COORP. IPS CRUZ BLANCA CLINICA PEREIRA;2;2017;5;7;10;1;6;22;6;2;5;2; ;HOGAR;6;170;66;1;1;1;1;CAFESALUD;1;1; ; ; ; ;0;0;0;0; ; ;0; ; ; ; ; ; ; ;1; ; ; ;1;C61; ;C799; ; ; ; ; ;A162;G822;C61;210;1;28
594;2;3; ;6,6594E+11;CENTRO DE SALUD SANTA TERESITA IRRA;2;2017;5;19;0;1;1;23;6;2;5;2; ;OTROS TRABAJADORES DE SERVICIOS PERSONALES A PARTICULARES, NO CLASIFICADOS BAJO OTROS EP?GRAFES;6;170;66;594;2;2;2;ASMET SALUD ESS - ASOCIACION MUTUAL LA ESPERANZA;1;2; ; ; ; ;0;0;0;0; ; ;0; ; ; ; ; ; ; ;1; ; ; ;1;C61; ; ; ; ; ; ; ;I350; ;C61;210;1;28
1;1;3; ;6,6001E+11;HOSPITAL DE CUBA;2;2017;5;7;50;1;6;23;6;13;0;2; ;HOGAR;6;170;66;1;1;2;2;ASOCIACION MUTUAL BARRIOS UNIDOS DE QUIBDO AMBUQ ARS;1;2; ; ; ; ;0;0;0;0; ; ;0; ; ; ; ; ; ; ;1; ;1; ;1;C793; ;C61; ; ; ; ; ; ; ;C61;210;1;28
1;1;1; ;6,6001E+11;CORPORACI?N MEDICA SALUD PARA LOS COLOMBIANOS - CMS COLOMBIA LTDA;2;2017;5;23;58;1;5;23;6;99;99;2; ;PENSIONADO;6;170;66;400;1;3;5;FONDO DE PRESTACIONES SOCIALES DEL MAGISTERIO;1;1; ; ; ; ;0;0;0;0; ; ;0; ; ; ; ; ; ; ;1; ; ; ;1;N19; ;C61; ; ; ; ; ;E149;I10;C61;210;1;28
1;1;3; ;6,6001E+11;EMPRESA SOCIAL DEL ESTADO HOSPITAL UNIVERSITARIO SAN JORGE;2;2017;6;15;55;1;4;27;6;1;3;2; ;SIN INFORMACION;6;170;66;594;1;2;2;CAFESALUD EPSS SA;1;2; ; ; ; ;0;0;0;0; ; ;0; ; ; ; ; ; ; ;1;1;1; ;1;I269; ;E340; ;C61; ; ; ;J449; ;C61;210;1;28
1;1;1; ;6,6001E+11;CLINICA COMFAMILIAR;2;2017;6;10;45;1;3;24;6;2;5;2; ;AGENTES COMERCIALES Y CORREDORES, NO CLASIFICADOS BAJO OTROS EP?GRAFES;6;170;66;1;1;1;1;EPS SURA;1;2; ; ; ; ;0;0;0;0; ; ;0; ; ; ; ; ; ; ;1; ; ; ;1;C61; ; ; ; ; ; ; ; ; ;C61;210;1;28
75;1;1; ;6,6075E+11;EMPRESA SOCIAL DEL ESTADO HOSPITAL CRISTO REY;2;2017;6;8;30;1;5;27;6;2;5;2; ;FUNCIONARIOS DEL FISCO;6;170;66;75;1;2;2;CAFESALUD E.P.S. S.A. -CM;1;2; ; ; ; ;0;0;0;0; ; ;0; ; ; ; ; ; ; ; ; ;1; ;2;R688; ;C799; ;C61; ; ; ;N189; ;C61;210;1;28
1;1;1; ;6,6001E+11;CLINICA COMFAMILIAR;2;2017;7;0;40;1;6;20;5;2;5;2; ;HOGAR;6;170;76;147;1;1;1;EPS S.O.S. S.A. - EPS SERVICIO OCCIDENTAL DE SALUD  S.A.;1;2; ; ; ; ;0;0;0;0; ; ;0; ; ; ; ; ; ; ;1; ; ; ;1;I469; ;C61; ; ; ; ; ; ; ;C61;210;1;28
1;1;1; ;6,6001E+11;EMPRESA SOCIAL DEL ESTADO HOSPITAL UNIVERSITARIO SAN JORGE;2;2017;7;13;50;1;9;24;6;2;2;2; ;AGRICULTORES DE CULTIVOS TRANSITORIOS;6;170;66;594;3;2;2;ASMET SALUD ESS - ASOCIACION MUTUAL LA ESPERANZA;1;1; ; ; ; ;0;0;0;0; ; ;0; ; ; ; ; ; ; ;1;1; ; ;1;J969; ;E871; ;E86; ; ; ;C61; ;C61;210;1;28
1;1;1; ;6,6001E+11;CLINICA LOS ROSALES S.A;2;2017;7;16;40;1;6;21;6;4;11;2; ;VENDEDORES, DEMOSTRADORES DE TIENDAS Y ALMACENES;6;170;66;1;1;1;1;SALUD TOTAL S.A. ENTIDAD PROMOTORA DE SALUD;1;2; ; ; ; ;0;0;0;0; ; ;0; ; ; ; ; ; ; ;1;1; ; ;1;J969; ;R688; ;C61; ;C795; ; ; ;C61;210;1;28
1;1;3; ;6,6001E+11;EMPRESA SOCIAL DEL ESTADO HOSPITAL UNIVERSITARIO SAN JORGE;2;2017;7;17;40;1;6;19;5;1;3;2; ;HOGAR;6;170;66;1;1;2;2;ASMET SALUD ESS - ASOCIACION MUTUAL LA ESPERANZA;1;2; ; ; ; ;0;0;0;0; ; ;0; ; ; ; ; ; ; ;1; ;1; ;1;C61; ;N390; ;N390; ;R572; ;I10; ;C61;210;1;28
1;1;1; ;6,6001E+11;LIGA CONTRA EL CANCER SECCIONAL RISARALDA;2;2017;7;18;30;1;4;25;6;2;5;2; ;HOGAR;6;170;66;400;3;1;1;NUEVA EPS SA;1;2; ; ; ; ;0;0;0;0; ; ;0; ; ; ; ; ; ; ;1; ; ; ;1;C61; ; ; ; ; ; ; ; ; ;C61;210;1;28
1;1;1; ;6,6001E+11;EMPRESA SOCIAL DEL ESTADO HOSPITAL UNIVERSITARIO SAN JORGE;2;2017;7;21;0;1;4;22;6;1;3;2; ;HOGAR;6;170;66;682;2;2;2;CAFESALUD EPSS SA;1;2; ; ; ; ;0;0;0;0; ; ;0; ; ; ; ; ; ; ;1; ; ; ;1;R688; ;C61; ; ; ; ; ; ; ;C61;210;1;28
1;1;3; ;6,6001E+11;CLINICA COMFAMILIAR;2;2017;8;11;50;1;1;22;6;2;5;2; ;OPERADORES DE M?QUINAS PARA PROCESAR CEREALES, PRODUCTOS DE PANADER?A, REPOSTER?A Y CONFITER?A;6;170;66;170;1;1;1;EPS S.O.S. S.A. - EPS SERVICIO OCCIDENTAL DE SALUD  S.A.;1;2; ; ; ; ;0;0;0;0; ; ;0; ; ; ; ; ; ; ; ; ;1; ;2;I469; ;J969; ;R688; ;C799; ;E46;C61;C61;210;1;28
682;1;3; ;6,6682E+11;EMPRESA SOCIAL DEL ESTADO HOSPITAL SAN VICENTE DE PAUL SANTA ROSA DE CABAL;2;2017;8;5;30;1;6;25;6;2;5;2; ;OBREROS DE LA CONSTRUCCI?N DE EDIFICIOS;6;170;66;682;1;1;1;MEDIMAS EPS S.A.S;1;2; ; ; ; ;0;0;0;0; ; ;0; ; ; ; ; ; ; ; ; ;1; ;2;R092; ;E878; ;N189; ;C61; ;I10; ;C61;210;1;28
682;1;1; ;6,6682E+11;EMPRESA SOCIAL DEL ESTADO HOSPITAL SAN VICENTE DE PAUL SANTA ROSA DE CABAL;2;2017;8;3;30;1;3;26;6;2;5;2; ;AGRICULTORES DE CULTIVOS TRANSITORIOS;6;170;66;682;1;2;2;CAFESALUD EPSS SA;1;2; ; ; ; ;0;0;0;0; ; ;0; ; ; ; ; ; ; ;1; ;1; ;1;I469; ;R688; ;E43; ;C61; ;N390;N19;C61;210;1;28
572;1;1; ;6,6572E+11;ESE HOSPITAL SAN RAFAEL;2;2017;8;14;10;1;5;17;5;2;3;2; ;OBREROS Y PEONES AGROPECUARIOS DE LABRANZA Y DE INVERNADERO;6;170;66;572;3;2;2;CAFESALUD EPSS SA;1;2; ; ; ; ;0;0;0;0; ; ;0; ; ; ; ; ; ; ;1; ;1; ;1;I469; ;J690; ;R263; ;C61;C799; ; ;C61;210;1;28
1;1;1; ;6,6001E+11;LIGA CONTRA EL CANCER SECCIONAL RISARALDA;2;2017;9;22;0;1;5;22;6;9;5;2; ;DIRECTORES DE REGIONALES, SUCURSALES, OFICINAS Y AFINES DE LA ADMINISTRACI?N P?BLICA;6;170;66;1;1;1;1;SALUD TOTAL S.A. ENTIDAD PROMOTORA DE SALUD;1;1; ; ; ; ;0;0;0;0; ; ;0; ; ; ; ; ; ; ;1; ; ; ;1;C61; ; ; ; ; ; ; ; ; ;C61;210;1;28
1;1;1; ;6,6001E+11;CLINICA LOS ROSALES S.A;2;2017;9;13;10;1;6;23;6;3;9;2; ;SIN INFORMACION;6;170;66;170;1;1;1;NUEVA EPS SA;1;1; ; ; ; ;0;0;0;0; ; ;0; ; ; ; ; ; ; ;1; ; ; ;1;R572; ;K830; ;C61; ; ; ; ; ;C61;210;1;28
1;1;1; ;6,6001E+11;CLINICA LOS ROSALES S.A;2;2017;9;11;40;1;6;24;6;2;5;2; ;PENSIONADO;6;170;76;147;1;1;1;EPS S.O.S. S.A. - EPS SERVICIO OCCIDENTAL DE SALUD  S.A.;1;2; ; ; ; ;0;0;0;0; ; ;0; ; ; ; ; ; ; ;1; ;1; ;1;C61; ; ; ; ; ; ; ; ; ;C61;210;1;28
1;3;3; ;6,6001E+11;SERVICIO DE EMERGENCIAS REGIONALSERVICIO DE AMBULANCIA PREPAGO S.A;2;2017;9;13;10;1;6;24;6;4;11;2; ;T?CNICOS, POSTSECUNDARIOS NO UNIVERSITARIOS Y ASISTENTES DE SERVICIOS ADMINISTRATIVOS Y AFINES;6;170;66;1;3;1;1;NUEVA EPS SA;1;2; ; ; ; ;0;0;0;0; ; ;0; ; ; ; ; ; ; ;1; ;1; ;1;C61; ; ; ; ; ; ; ; ; ;C61;210;1;28
1;1;1; ;6,6001E+11;CLINICA COMFAMILIAR;2;2017;9;23;40;1;3;18;5;4;11;2; ;CONDUCTORES DE TAXIS;6;170;66;1;1;1;1;EPS S.O.S. S.A. - EPS SERVICIO OCCIDENTAL DE SALUD  S.A.;1;2; ; ; ; ;0;0;0;0; ; ;0; ; ; ; ; ; ; ;1; ; ; ;1;J969; ;G935; ;C793; ;C61; ;I10;E149;C61;210;1;28
1;1;1; ;6,6001E+11;COORP. IPS CRUZ BLANCA CLINICA PEREIRA;2;2017;11;6;0;1;9;22;6;99;99;2; ;PENSIONADO;6;170;66;1;1;1;1;MEDIMAS EPS S.A.S;1;2; ; ; ; ;0;0;0;0; ; ;0; ; ; ; ; ; ; ; ; ;1; ;2;C61; ; ; ; ; ; ; ; ; ;C61;210;1;28
1;1;1; ;6,6001E+11;EMPRESA SOCIAL DEL ESTADO HOSPITAL UNIVERSITARIO SAN JORGE;2;2017;11;4;50;1;2;21;6;13;0;2; ;AGRICULTORES DE CULTIVOS TRANSITORIOS;6;170;66;1;1;2;2;MEDIMAS EPS S.A.S;1;1; ; ; ; ;0;0;0;0; ; ;0; ; ; ; ; ; ; ;1; ; ; ;1;R688; ;J969;R090;C780; ;C61; ; ; ;C61;210;1;28
88;1;1; ;6,6088E+11;EMPRESA SOCIAL DEL ESTADO HOSPITAL SAN JOSE;2;2017;11;5;50;1;6;25;6;13;0;2; ;AGRICULTORES DE CULTIVOS TRANSITORIOS;6;170;66;88;1;2;2;ASMET SALUD ESS - ASOCIACION MUTUAL LA ESPERANZA;1;2; ; ; ; ;0;0;0;0; ; ;0; ; ; ; ; ; ; ; ; ;1; ;2;R092; ;C799; ;C61; ; ; ; ; ;C61;210;1;28
1;1;1; ;6,6001E+11;CLINICA COMFAMILIAR;2;2017;10;18;15;1;6;22;6;9;5;2; ;PENSIONADO;6;170;66;170;1;1;1;EPS S.O.S. S.A. - EPS SERVICIO OCCIDENTAL DE SALUD  S.A.;1;2; ; ; ; ;0;0;0;0; ; ;0; ; ; ; ; ; ; ;1; ; ; ;1;N185; ;C61; ;I10; ; ; ; ; ;C61;210;1;28
1;1;1; ;6,6001E+11;CLINICA LOS ROSALES S.A;2;2017;10;3;30;1;6;24;6;2;5;2; ;CONDUCTORES DE BUSES, MICROBUSES Y COLECTIVOS;6;170;66;170;1;1;1;NUEVA EPS SA;1;1; ; ; ; ;0;0;0;0; ; ;0; ; ; ; ; ; ; ;1; ; ; ;1;R572; ;N390; ; ; ; ; ;C61; ;C61;210;1;28
400;1;1; ;6,64E+11;EMPRESA SOCIAL DEL ESTADO HOSPITAL SAN PEDRO Y SAN PABLO LA VIRGINIA;2;2017;10;19;45;1;4;27;6;99;99;2; ;AGRICULTORES DE CULTIVOS PERMANENTES (PLANTACIONES DE ?RBOLES Y ARBUSTOS);6;170;66;687;3;2;2;MEDIMAS EPS S.A.S;1;2; ; ; ; ;0;0;0;0; ; ;0; ; ; ; ; ; ; ;1; ; ; ;1;N390; ;N390; ;N40; ;C61; ;I10; ;C61;210;1;28
1;1;3; ;6,6001E+11;SERVICIO DE EMERGENCIAS REGIONALSERVICIO DE AMBULANCIA PREPAGO S.A;2;2017;10;18;30;1;4;28;6;2;5;2; ;AUXILIARES DE CONTABILIDAD Y C?LCULO DE COSTOS;6;170;66;1;1;1;1;EPS S.O.S. S.A. - EPS SERVICIO OCCIDENTAL DE SALUD  S.A.;1;2; ; ; ; ;0;0;0;0; ; ;0; ; ; ; ; ; ; ;1; ;1; ;1;C61; ; ; ; ; ; ; ; ; ;C61;210;1;28
1;1;1; ;6,6001E+11;COORP. IPS CRUZ BLANCA CLINICA PEREIRA;2;2017;10;11;45;1;1;24;6;13;0;2; ;HOGAR;6;170;66;1;1;1;1;CAFESALUD;1;1; ; ; ; ;0;0;0;0; ; ;0; ; ; ; ; ; ; ;1; ; ; ;1;J969; ;C780; ;C61; ; ; ; ; ;C61;210;1;28
1;1;3; ;6,6001E+11;HOSPITAL DE CUBA;2;2017;10;23;0;1;6;19;5;2;5;2; ;VENDEDORES AMBULANTES;2;170;66;1;1;2;2;ASMET SALUD ESS - ASOCIACION MUTUAL LA ESPERANZA;1;2; ; ; ; ;0;0;0;0; ; ;0; ; ; ; ; ; ; ;1; ; ; ;1;C61; ;I10; ;I219; ; ; ; ; ;C61;210;1;28
1;1;3; ;6,6001E+11;CLINICA LOS ROSALES S.A;2;2017;10;0;45;1;4;26;6;2;5;2; ;HOGAR;6;170;66;170;1;1;1;NUEVA EPS SA;1;2; ; ; ; ;0;0;0;0; ; ;0; ; ; ; ; ; ; ; ; ;1; ;2;C61; ;N40; ; ; ; ; ; ; ;C61;210;1;28
1;1;3; ;6,6001E+11;HOSPITAL DEL CENTRO;2;2017;10;6;30;1;3;21;6;4;11;2; ;ESCULTORES, PINTORES Y AFINES;6;170;66;1;1;2;2;ASMET SALUD ESS - ASOCIACION MUTUAL LA ESPERANZA;1;2; ; ; ; ;0;0;0;0; ; ;0; ; ; ; ; ; ; ;1;1;1; ;1;C61; ; ; ; ; ; ; ; ; ;C61;210;1;28
1;1;1; ;6,6001E+11;CLINICA LOS ROSALES S.A;2;2017;10;16;40;1;5;20;5;2;5;2; ;DIRECTORES DE DEPARTAMENTOS DE PRODUCCI?N Y OPERACIONES EN COMERCIO MAYORISTA Y MINORISTAS;6;170;66;1;1;2;2;ASMET SALUD ESS - ASOCIACION MUTUAL LA ESPERANZA;1;2; ; ; ; ;0;0;0;0; ; ;0; ; ; ; ; ; ; ;1;1; ; ;1;J969; ;C61; ;N390;J189; ; ; ; ;C61;210;1;28
1;1;3; ;6,6001E+11;SERVICIO DE EMERGENCIAS REGIONALSERVICIO DE AMBULANCIA PREPAGO S.A;2;2017;10;9;0;1;6;24;6;2;5;2; ;AUXILIARES DE LA POLICIA NACIONAL;6;170;66;1;1;3;5;POLICIA NACIONAL;1;2; ; ; ; ;0;0;0;0; ; ;0; ; ; ; ; ; ; ;1; ;1; ;1;R578; ;N189; ;C61; ; ; ;D649;I714;C61;210;1;28
1;1;3; ; ; ;2;2017;9;23;55;1;6;24;6;99;99;2; ;SIN INFORMACION;6;170;66;170;1;1;1;NUEVA EPS SA;1;2; ; ; ; ;0;0;0;0; ; ;0; ; ; ; ; ; ; ; ; ;1; ;1;I469; ;C61; ; ; ; ; ; ; ;C61;210;1;28
45;1;1; ;6,6045E+11;EMPRESA SOCIAL DEL ESTADO HOSPITAL SAN VICENTE DE PAUL;2;2017;10;3;0;1;6;24;6;1;3;2; ;AGRICULTORES DE CULTIVOS TRANSITORIOS;6;170;66;45;1;2;2;MEDIMAS EPS S.A.S;1;2; ; ; ; ;0;0;0;0; ; ;0; ; ; ; ; ; ; ; ; ;1; ;1;R688; ;C799; ;C61; ; ; ;I10; ;C61;210;1;28
1;1;3; ;6,6001E+11;CORPORACI?N MEDICA SALUD PARA LOS COLOMBIANOS - CMS COLOMBIA LTDA;2;2017;12;15;30;1;1;21;6;99;99;2; ;HOGAR;6;170;66;1;1;3;5;FONDO DE PRESTACIONES SOCIALES DEL MAGISTERIO;1;2; ; ; ; ;0;0;0;0; ; ;0; ; ; ; ; ; ; ;1; ; ; ;1;R688; ;C61; ; ; ; ; ; ; ;C61;210;1;28
1;1;1; ;6,6001E+11;CLINICA LOS ROSALES S.A;2;2017;12;1;30;1;6;26;6;13;0;2; ;AGRICULTORES DE CULTIVOS TRANSITORIOS;6;170;66;400;1;1;1;COOMEVA   E.P.S.  S.A.;1;2; ; ; ; ;0;0;0;0; ; ;0; ; ; ; ; ; ; ; ;1;1; ;1;R572; ;N390; ;N179; ;C61; ;I10;I679;C61;210;1;28
1;1;1; ;6,6001E+11;CLINICA COMFAMILIAR;2;2017;12;2;58;1;6;25;6;3;9;2; ;PENSIONADO;6;170;66;170;1;1;1;NUEVA EPS SA;1;1; ; ; ; ;0;0;0;0; ; ;0; ; ; ; ; ; ; ;1; ; ; ;1;R572; ;K566; ;K628; ;C61; ; ; ;C61;210;1;28
456;1;1; ;6,6456E+11;EMPRESA SOCIAL DEL ESTADO HOSPITAL SAN VICENTE DE PAUL DE MISTRATO RISARALDA;2;2017;12;14;0;1;6;24;6;2;4;2; ;OBREROS Y PEONES AGROPECUARIOS DE LABRANZA Y DE INVERNADERO;6;170;66;456;1;2;2;MEDIMAS EPS S.A.S;1;1; ; ; ; ;0;0;0;0; ; ;0; ; ; ; ; ; ; ;1; ; ; ;1;C61; ; ; ; ; ; ; ; ; ;C61;210;1;28
1;1;1; ;6,6001E+11;EMPRESA SOCIAL DEL ESTADO HOSPITAL UNIVERSITARIO SAN JORGE;2;2017;12;2;0;1;1;23;6;13;0;2; ;AGRICULTORES DE CULTIVOS TRANSITORIOS;6;170;18;247;1;2;2;ASMET SALUD ESS - ASOCIACION MUTUAL LA ESPERANZA;1;2; ; ; ; ;0;0;0;0; ; ;0; ; ; ; ; ; ; ; ; ;1; ;1;I461; ;I509; ;D649;K922;C61; ;K269; ;C61;210;1;28
1;1;1; ;6,6001E+11;SOCIEDAD COMERCIALIZADORA DE INSUMOS Y SERVICIOS M?DICOS S.A.S - IPS CL?NICA SAN RAFAEL - SEDE MEGACENTRO;2;2017;12;1;48;1;3;24;6;2;3;2; ;AGRICULTORES DE CULTIVOS TRANSITORIOS;6;170;66;1;1;2;2;MEDIMAS EPS S.A.S;1;2; ; ; ; ;0;0;0;0; ; ;0; ; ; ; ; ; ; ;1; ;1; ;1;I469; ;I269; ;I802; ;C61; ;J441;S720;C61;210;1;28
170;1;3; ;6,617E+11;EMPRESA SOCIAL DEL ESTADO HOSPITAL SANTA MONICA;2;2017;2;5;30;1;5;23;6;2;5;2; ;OBREROS DE LA CONSTRUCCI?N DE EDIFICIOS;6;170;66;170;1;2;2;CAFESALUD EPSS SA;1;2; ; ; ; ;0;0;0;0; ; ;0; ; ; ; ; ; ; ; ; ;1; ;2;R960; ;C61; ; ; ; ; ; ; ;C61;210;1;28
170;1;1; ;6,617E+11;EMPRESA SOCIAL DEL ESTADO HOSPITAL SANTA MONICA;2;2017;4;5;0;1;1;24;6;99;99;2; ;HOGAR;6;170;66;170;1;2;2;CAFESALUD EPSS SA;1;2; ; ; ; ;0;0;0;0; ; ;0; ; ; ; ; ; ; ;1; ;1; ;1;I219; ;I269; ; ; ; ; ;C61;C795;C61;210;1;28
400;1;3; ;6,64E+11;EMPRESA SOCIAL DEL ESTADO HOSPITAL SAN PEDRO Y SAN PABLO LA VIRGINIA;2;2017;3;0;46;1;3;23;6;2;5;2; ;AGRICULTORES DE CULTIVOS PERMANENTES (PLANTACIONES DE ?RBOLES Y ARBUSTOS);6;170;66;400;1;2;2;ASMET SALUD ESS - ASOCIACION MUTUAL LA ESPERANZA;1;1; ; ; ; ;0;0;0;0; ; ;0; ; ; ; ; ; ; ;1; ; ; ;1;G931; ;C793; ;C61; ; ; ;F172; ;C61;210;1;28
1;3;3; ; ; ;2;2017;11;20;0;1;5;20;5;2;5;2; ;SIN INFORMACION;1;170;66;1;3;5; ; ;1;2; ; ; ; ;0;0;0;0; ; ;0; ; ; ; ; ; ; ;1; ;1; ;1;G931; ;I469; ;J969; ;E46; ;C61; ;C61;210;1;28
