﻿COD_MUNIC;A_DEFUN;SIT_DEFUN;OTRSITIODE;COD_INST;NOM_INST;TIPO_DEFUN;ANO;MES;HORA;MINUTOS;SEXO;EST_CIVIL;GRU_ED1;GRU_ED2;NIVEL_EDU;ULTCURFAL;MUERTEPORO;SIMUERTEPO;OCUPACION;IDPERTET;CODPRES;CODPTORE;CODMUNRE;AREA_RES;SEG_SOCIAL;IDADMISALU;IDCLASADMI;PMAN_MUER;CONS_EXP;MU_PARTO;T_PARTO;TIPO_EMB;T_GES;PESO_NAC;EDAD_MADRE;N_HIJOSV;N_HIJOSM;EST_CIVM;NIV_EDUM;ULTCURMAD;EMB_FAL;EMB_SEM;EMB_MES;MAN_MUER;CODOCUR;CODMUNOC;C_MUERTE;C_MUERTEB;C_MUERTEC;C_MUERTED;C_MUERTEE;ASIS_MED;C_DIR1;C_DIR12;C_ANT1;C_ANT12;C_ANT2;C_ANT22;C_ANT3;C_ANT32;C_PAT1;C_PAT2;C_BAS1;C_MCM1;IDPROFCER;CAUSA_666;CAU_HOMOL
170;2;3; ;6,62E+11;EMPRESA SOCIAL DEL ESTADO HOSPITAL SANTA MONICA;2;2013;2;0;20;1;5;25;6;2;3;2; ;AGRICULTORES DE CULTIVOS TRANSITORIOS;6;170;66;170;3;2;2;CAFESALUD EPSS SA;1;2; ; ; ; ;0;0;0;0; ; ;0; ; ; ; ; ; ; ;1; ;1; ;1;R688; ;A419; ;N390; ;C61; ; ; ;C61; ;1;210;28
1;1;1; ;6,60E+11;EMPRESA SOCIAL DEL ESTADO HOSPITAL UNIVERSITARIO SAN JORGE;2;2013;1;21;34;1;6;22;6;3;7;2; ;ALBAÑILES, MAMPOSTEROS Y AFINES;6;170;66;1;1;2;2;CAFESALUD EPSS SA;1;1; ; ; ; ;0;0;0;0; ; ;0; ; ; ; ; ; ; ;1; ; ; ;1;J969; ;C61; ; ; ; ; ; ; ;C61; ;1;210;28
400;1;3; ;6,64E+11;EMPRESA SOCIAL DEL ESTADO HOSPITAL SAN PEDRO Y SAN PABLO LA VIRGINIA;2;2013;1;4;30;1;5;23;6;2;1;2; ;AGRICULTORES DE CULTIVOS TRANSITORIOS;6;170;66;400;1;2;2;CAFESALUD EPSS SA;1;2; ; ; ; ;0;0;0;0; ; ;0; ; ; ; ; ; ; ; ; ;1; ;2;R092; ;C61; ; ; ; ; ; ; ;C61; ;1;210;28
1;1;1; ;6,60E+11;COORP. IPS CRUZ BLANCA CLINICA PEREIRA;2;2013;1;0;15;1;6;22;6;2;5;2; ;PENSIONADO;6;170;66;170;1;1;1;E.P.S.  SALUDCOOP;1;2; ; ; ; ;0;0;0;0; ; ;0; ; ; ; ; ; ; ;1; ; ; ;1;I469; ;J80; ;R688; ;C809; ;C61; ;C61; ;1;210;28
682;1;3; ;6,67E+11;EMPRESA SOCIAL DEL ESTADO HOSPITAL SAN VICENTE DE PAUL SANTA ROSA DE CABAL;2;2013;1;17;45;1;6;23;6;2;5;2; ;PINTORES, EMPAPELADORES Y AFINES;6;170;66;682;1;1;1;NUEVA EPS SA;1;2; ; ; ; ;0;0;0;0; ; ;0; ; ; ; ; ; ; ; ; ;1; ;2;R688; ;C61; ; ; ; ; ;C73; ;C61; ;1;210;28
440;1;3; ;6,64E+11;EMPRESA SOCIAL DEL ESTADO HOSPITAL SAN JOSE DE MARSELLA;2;2013;1;20;40;1;6;25;6;2;5;2; ;EBANISTAS Y AFINES;6;170;66;440;1;1;1;CAFESALUD;1;1; ; ; ; ;0;0;0;0; ; ;0; ; ; ; ; ; ; ;1; ; ; ;1;R688; ;C61; ; ; ; ; ; ; ;C61; ;1;210;28
682;1;1; ;6,67E+11;EMPRESA SOCIAL DEL ESTADO HOSPITAL SAN VICENTE DE PAUL SANTA ROSA DE CABAL;2;2013;1;18;17;1;4;26;6;2;5;2; ;OBREROS Y PEONES AGROPECUARIOS DE LABRANZA Y DE INVERNADERO;6;170;66;682;2;1;1;NUEVA EPS SA;1;2; ; ; ; ;0;0;0;0; ; ;0; ; ; ; ; ; ; ;1; ; ; ;1;R570; ;R688; ; ; ; ; ;C61; ;C61; ;1;210;28
1;1;3; ; ; ;2;2013;2;21;20;1;6;25;6;2;5;2; ;HOGAR;6;170;66;1;1;1;1;E.P.S.  SALUDCOOP;1;2; ; ; ; ;0;0;0;0; ; ;0; ; ; ; ; ; ; ; ; ;1; ;2;I469; ;A419; ;N390; ;C61; ;E149; ;C61; ;1;210;28
1;1;1; ;6,60E+11;FUNDACIÓN CLÍNICA CARDIOVASCULAR DEL NIÑO DE RISARALDA;2;2013;3;7;20;1;1;24;6;2;5;2; ;AGRICULTORES DE CULTIVOS TRANSITORIOS;6;170;66;1;1;2;2;ASMET SALUD ESS - ASOCIACION MUTUAL LA ESPERANZA;1;2; ; ; ; ;0;0;0;0; ; ;0; ; ; ; ; ; ; ;1; ; ; ;1;C61; ; ; ; ; ; ; ; ; ;C61; ;1;210;28
1;1;1; ;6,60E+11;COORP. IPS CRUZ BLANCA CLINICA PEREIRA;2;2013;3;20;0;1;6;25;6;2;5;2; ;OFICIALES Y OPERARIOS DE LA CONSTRUCCIÓN Y AFINES, NO CLASIFICADOS BAJO OTROS EPÍGRAFES;6;170;66;1;1;1;1;E.P.S.  SALUDCOOP;1;2; ; ; ; ;0;0;0;0; ; ;0; ; ; ; ; ; ; ;1; ;1; ;1;A419; ;C61; ;E149; ; ; ; ; ;C61; ;1;210;28
1;1;1; ;6,60E+11;EMPRESA SOCIAL DEL ESTADO HOSPITAL UNIVERSITARIO SAN JORGE;2;2013;3;1;30;1;1;22;6;2;5;2; ;OFICIALES Y OPERARIOS DE LA CONSTRUCCIÓN Y AFINES, NO CLASIFICADOS BAJO OTROS EPÍGRAFES;6;170;66;1;1;2;2;ASMET SALUD ESS - ASOCIACION MUTUAL LA ESPERANZA;1;2; ; ; ; ;0;0;0;0; ; ;0; ; ; ; ; ; ; ;1; ; ; ;1;C61; ;C795; ;K922; ; ; ; ; ;C61; ;1;210;28
1;1;3; ;6,60E+11;HOSPITAL DEL CENTRO;2;2013;4;0;5;1;6;25;6;2;5;2; ;PENSIONADO;6;170;66;1;1;2;2;CAFESALUD EPSS SA;1;2; ; ; ; ;0;0;0;0; ; ;0; ; ; ; ; ; ; ; ; ;1; ;1;J960; ;C61; ; ; ; ; ;G20; ;C61; ;1;210;28
1;1;1; ;6,60E+11;COORP. IPS CRUZ BLANCA CLINICA PEREIRA;2;2013;4;21;30;1;6;23;6;2;5;2; ;PENSIONADO;6;170;76;147;1;1;1;E.P.S.  SALUDCOOP;1;2; ; ; ; ;0;0;0;0; ; ;0; ; ; ; ; ; ; ;1; ; ; ;1;A419; ;N390; ;N189; ;C61; ; ; ;C61; ;1;210;28
1;1;3; ;6,60E+11;SERVICIO DE EMERGENCIAS REGIONALSERVICIO DE AMBULANCIA PREPAGO S.A;2;2013;4;16;0;1;5;25;6;3;9;2; ;AGRICULTORES DE CULTIVOS PERMANENTES (PLANTACIONES DE ÁRBOLES Y ARBUSTOS);6;170;66;1;1;1;1;CAFESALUD;1;2; ; ; ; ;0;0;0;0; ; ;0; ; ; ; ; ; ; ;1; ; ; ;1;C61; ; ; ; ; ; ; ; ; ;C61; ;1;210;28
1;1;1; ;6,60E+11;EMPRESA SOCIAL DEL ESTADO HOSPITAL UNIVERSITARIO SAN JORGE;2;2013;5;21;25;1;6;24;6;13;0;2; ;VENDEDORES, DEMOSTRADORES DE TIENDAS Y ALMACENES;6;170;66;1;1;2;2;CAFESALUD EPSS SA;1;1; ; ; ; ;0;0;0;0; ; ;0; ; ; ; ; ; ; ;1; ; ; ;1;J969; ;R688; ;N189; ; ; ;C61; ;C61; ;1;210;28
170;1;3; ; ; ;2;2013;3;15;57;1;6;25;6;2;5;2; ;PENSIONADO;6;170;66;170;1;3;5;POLICIA NACIONAL;1;2; ; ; ; ;0;0;0;0; ; ;0; ; ; ; ; ; ; ; ; ;1; ;1;J969; ;T175; ;C61; ; ; ;K922; ;C61; ;1;210;28
1;1;3; ; ; ;2;2013;8;12;55;1;1;23;6;2;3;2; ;HOGAR;6;170;66;1;1;2;2;ASMET SALUD ESS - ASOCIACION MUTUAL LA ESPERANZA;1;1; ; ; ; ;0;0;0;0; ; ;0; ; ; ; ; ; ; ;1; ; ; ;1;C61; ;J449; ;I10; ; ; ; ; ;C61; ;1;210;28
1;1;3; ;6,60E+11;SERVICIO DE EMERGENCIAS REGIONALSERVICIO DE AMBULANCIA PREPAGO S.A;2;2013;8;3;15;1;6;19;5;2;5;2; ;VIGILANTES Y CELADORES;6;170;66;1;1;1;1;E.P.S.  SALUDCOOP;1;1; ; ; ; ;0;0;0;0; ; ;0; ; ; ; ; ; ; ;1; ; ; ;1;C61; ; ; ; ; ; ; ; ; ;C61; ;1;210;28
1;1;3; ;6,60E+11;SERVICIO DE EMERGENCIAS REGIONALSERVICIO DE AMBULANCIA PREPAGO S.A;2;2013;8;20;50;1;4;22;6;2;5;2; ;REPRESENTANTES COMERCIALES Y TÉCNICOS DE VENTAS;6;170;66;170;1;1;1;E.P.S.  SALUDCOOP;1;2; ; ; ; ;0;0;0;0; ; ;0; ; ; ; ; ; ; ;1; ;1; ;1;R688; ;C809; ;C61; ; ; ;I10; ;C61; ;1;210;28
1;1;1; ;6,60E+11;EMPRESA SOCIAL DEL ESTADO HOSPITAL UNIVERSITARIO SAN JORGE;2;2013;6;20;30;1;5;21;6;13;0;2; ;AGRICULTORES DE CULTIVOS TRANSITORIOS;6;170;66;170;3;2;2;CAFESALUD EPSS SA;1;2; ; ; ; ;0;0;0;0; ; ;0; ; ; ; ; ; ; ;1; ; ; ;1;I469; ;R688; ;C809; ;C61; ;N390; ;C61; ;1;210;28
1;1;1; ;6,60E+11;EMPRESA SOCIAL DEL ESTADO HOSPITAL UNIVERSITARIO SAN JORGE;2;2013;6;19;45;1;5;18;5;2;5;2; ;COMPRADORES;6;170;66;682;1;2;2;CAFESALUD EPSS SA;1;1; ; ; ; ;0;0;0;0; ; ;0; ; ; ; ; ; ; ;1; ; ; ;1;I469; ;C795; ;C61; ; ; ; ; ;C61; ;1;210;28
1;1;3; ;6,60E+11;SERVICIO DE EMERGENCIAS REGIONALSERVICIO DE AMBULANCIA PREPAGO S.A;2;2013;6;10;30;1;4;24;6;3;9;2; ;VENDEDORES, DEMOSTRADORES DE TIENDAS Y ALMACENES;6;170;66;1;1;1;1;COOMEVA   E.P.S.  S.A.;1;2; ; ; ; ;0;0;0;0; ; ;0; ; ; ; ; ; ; ;1; ; ; ;1;G931; ;N189; ;C61; ; ; ; ; ;C61; ;1;210;28
1;1;1; ;6,60E+11;EMPRESA SOCIAL DEL ESTADO HOSPITAL UNIVERSITARIO SAN JORGE;2;2013;6;23;50;1;5;12;4;3;9;2; ;HOGAR;6;170;76;250;3;2;2;CAPRECOM - CAJA DE PREVISION SOCIAL DE COMUNICACIONES;1;1; ; ; ; ;0;0;0;0; ; ;0; ; ; ; ; ; ; ;1; ; ; ;1;J969; ;C61; ; ; ; ; ; ; ;C61; ;1;210;28
1;1;1; ;6,60E+11;CLINICA COMFAMILIAR;2;2013;6;4;30;1;6;24;6;2;2;2; ;PENSIONADO;6;170;66;170;1;1;1;ALIANSALUD EPS;1;1; ; ; ; ;0;0;0;0; ; ;0; ; ; ; ; ; ; ;1; ;1; ;1;N179; ;C61; ; ; ; ; ;I678; ;C61; ;1;210;28
1;3;1; ;6,60E+11;CORPORACIÓN MEDICA SALUD PARA LOS COLOMBIANOS - CMS COLOMBIA LTDA;2;2013;6;17;35;1;4;25;6;2;2;2; ;SIN INFORMACION;6;170;66;1;1;1;1;NUEVA EPS SA;1;1; ; ; ; ;0;0;0;0; ; ;0; ; ; ; ; ; ; ;1; ; ; ;1;R570; ;R688; ;A419; ;J988; ;C61; ;C61; ;1;210;28
1;1;3; ;6,60E+11;SERVICIO DE EMERGENCIAS REGIONALSERVICIO DE AMBULANCIA PREPAGO S.A;2;2013;7;13;30;1;6;23;6;2;5;2; ;HOGAR;6;170;66;1;1;1;1;E.P.S.  SALUDCOOP;1;2; ; ; ; ;0;0;0;0; ; ;0; ; ; ; ; ; ; ;1; ; ; ;1;R090; ;C809; ;C61; ; ; ; ; ;C61; ;1;210;28
1;1;1; ;6,60E+11;CLINICA LOS ROSALES S.A;2;2013;7;5;39;1;6;25;6;13;0;2; ;AGRICULTORES DE CULTIVOS PERMANENTES (PLANTACIONES DE ÁRBOLES Y ARBUSTOS);6;170;66;1;1;1;1;NUEVA EPS SA;1;1; ; ; ; ;0;0;0;0; ; ;0; ; ; ; ; ; ; ;1; ; ; ;1;A419; ;J984; ;C61; ;C780; ; ; ;C61; ;1;210;28
594;3;3; ;6,66E+11;EMPRESA SOCIAL DEL ESTADO HOSPITAL NAZARETH QUINCHIA;2;2013;7;5;55;1;6;26;6;99;99;2; ;HOGAR;6;170;66;594;3;2;2;ASMET SALUD ESS - ASOCIACION MUTUAL LA ESPERANZA;1;2; ; ; ; ;0;0;0;0; ; ;0; ; ; ; ; ; ; ; ; ;1; ;1;N19; ;C61; ; ; ; ; ;I10; ;C61; ;1;210;28
1;1;1; ;6,60E+11;EMPRESA SOCIAL DEL ESTADO HOSPITAL UNIVERSITARIO SAN JORGE;2;2013;7;7;10;1;5;21;6;2;5;2; ;OBREROS DE LA CONSTRUCCIÓN DE EDIFICIOS;6;170;66;1;1;2;2;ASMET SALUD ESS - ASOCIACION MUTUAL LA ESPERANZA;1;1; ; ; ; ;0;0;0;0; ; ;0; ; ; ; ; ; ; ;1; ; ; ;1;G931; ;C793; ;C349; ;C61; ; ; ;C61; ;1;210;28
1;1;3; ;6,60E+11;SERVICIO DE EMERGENCIAS REGIONALSERVICIO DE AMBULANCIA PREPAGO S.A;2;2013;7;4;45;1;6;25;6;9;5;2; ;ODONTÓLOGOS;6;170;66;1;1;1;1;COOMEVA   E.P.S.  S.A.;1;1; ; ; ; ;0;0;0;0; ; ;0; ; ; ; ; ; ; ;1; ;1; ;1;C809; ;C61; ; ; ; ; ; ; ;C61; ;1;210;28
170;1;1; ;6,62E+11;EMPRESA SOCIAL DEL ESTADO HOSPITAL SANTA MONICA;2;2013;7;1;0;1;9;22;6;13;0;2; ;ALBAÑILES, MAMPOSTEROS Y AFINES;6;170;66;170;1;2;2;ASMET SALUD ESS - ASOCIACION MUTUAL LA ESPERANZA;1;1; ; ; ; ;0;0;0;0; ; ;0; ; ; ; ; ; ; ;1; ; ; ;1;I469; ;R688; ;C61; ; ; ; ; ;C61; ;1;210;28
1;1;1; ;6,60E+11;EMPRESA SOCIAL DEL ESTADO HOSPITAL UNIVERSITARIO SAN JORGE;2;2013;5;6;0;1;9;20;5;99;99;2; ;SIN INFORMACION;6;170;66;1;2;2;2;CAPRECOM - CAJA DE PREVISION SOCIAL DE COMUNICACIONES;1;2; ; ; ; ;0;0;0;0; ; ;0; ; ; ; ; ; ; ;1; ; ; ;1;E41; ;C61; ; ; ; ; ;C787; ;C61; ;1;210;28
1;1;3; ;6,60E+11;INVERSIONES CLINICA MARAÑON LTDA;2;2013;7;21;30;1;6;23;6;2;2;2; ;PENSIONADO;6;170;66;1;1;1;1;NUEVA EPS SA;1;2; ; ; ; ;0;0;0;0; ; ;0; ; ; ; ; ; ; ;1; ;1; ;1;I219; ;I509; ;E46; ;C61; ;I10; ;C61; ;1;210;28
170;1;1; ;6,62E+11;EMPRESA SOCIAL DEL ESTADO HOSPITAL SANTA MONICA;2;2013;7;9;20;1;3;21;6;2;5;2; ;SIN INFORMACION;6;170;66;170;1;2;2;CAFESALUD EPSS SA;1;2; ; ; ; ;0;0;0;0; ; ;0; ; ; ; ; ; ; ;1; ;1; ;1;I469; ;C61; ; ; ; ; ; ; ;C61; ;1;210;28
1;1;3; ;6,60E+11;HOSPITAL DE KENNEDY;2;2013;2;7;0;1;4;24;6;2;5;2; ;HOGAR;6;170;66;1;1;5; ; ;1;2; ; ; ; ;0;0;0;0; ; ;0; ; ; ; ; ; ; ; ; ;1; ;2;C61; ;I509; ;I10; ; ; ; ; ;C61; ;1;210;28
1;1;1; ;6,60E+11;COORP. IPS CRUZ BLANCA CLINICA PEREIRA;2;2013;6;16;10;1;4;23;6;2;5;2; ;AGRICULTORES DE CULTIVOS TRANSITORIOS;6;170;66;682;3;1;1;CAFESALUD;1;1; ; ; ; ;0;0;0;0; ; ;0; ; ; ; ; ; ; ;1;1; ; ;1;N390; ;M726; ;C61; ; ; ; ; ;C61; ;1;210;28
440;2;3; ;6,64E+11;EMPRESA SOCIAL DEL ESTADO HOSPITAL SAN JOSE DE MARSELLA;2;2013;8;17;20;1;1;24;6;2;5;2; ;AGRICULTORES DE CULTIVOS PERMANENTES (PLANTACIONES DE ÁRBOLES Y ARBUSTOS);6;170;66;440;2;2;2;ASMET SALUD ESS - ASOCIACION MUTUAL LA ESPERANZA;1;2; ; ; ; ;0;0;0;0; ; ;0; ; ; ; ; ; ; ;1; ; ; ;1;J969; ;C809; ;C61; ; ; ;I10; ;C61; ;1;210;28
1;1;1; ;6,60E+11;EMPRESA SOCIAL DEL ESTADO HOSPITAL UNIVERSITARIO SAN JORGE;2;2013;8;13;50;1;6;22;6;2;5;2; ;SIN INFORMACION;6;170;66;687;3;2;2;CAFESALUD EPSS SA;1;2; ; ; ; ;0;0;0;0; ; ;0; ; ; ; ; ; ; ;1; ; ; ;1;E872; ;G934;N19;E340; ;C61; ; ; ;C61; ;1;210;28
1;1;1; ;6,60E+11;CLINICA COMFAMILIAR;2;2013;9;10;25;1;6;21;6;9;5;2; ;PENSIONADO;6;170;66;1;1;1;1;EPS S.O.S. S.A. - EPS SERVICIO OCCIDENTAL DE SALUD  S.A.;1;1; ; ; ; ;0;0;0;0; ; ;0; ; ; ; ; ; ; ;1; ; ; ;1;C61; ; ; ; ; ; ; ; ; ;C61; ;1;210;28
1;1;1; ;6,60E+11;CLINICA LOS ROSALES S.A;2;2013;9;16;0;1;1;26;6;2;5;2; ;CONDUCTORES DE CAMIONES Y VEHÍCULOS PESADOS;6;170;66;1;3;1;1;NUEVA EPS SA;1;2; ; ; ; ;0;0;0;0; ; ;0; ; ; ; ; ; ; ;1; ; ; ;1;C61; ;J159; ; ; ; ; ; ; ;C61; ;1;210;28
1;1;3; ;6,60E+11;SERVICIO DE EMERGENCIAS REGIONALSERVICIO DE AMBULANCIA PREPAGO S.A;2;2013;9;9;35;1;3;21;6;9;5;2; ;PROFESORES DE UNIVERSIDADES Y OTROS ESTABLECIMIENTOS DE EDUCACIÓN SUPERIOR;6;170;66;1;1;1;1;EPS S.O.S. S.A. - EPS SERVICIO OCCIDENTAL DE SALUD  S.A.;1;2; ; ; ; ;0;0;0;0; ; ;0; ; ; ; ; ; ; ;1; ; ; ;1;C61; ; ; ; ; ; ; ;N189; ;C61; ;1;210;28
1;1;3; ; ; ;2;2013;9;9;15;1;1;23;6;2;5;2; ;HOGAR;6;170;66;1;1;5; ; ;1;2; ; ; ; ;0;0;0;0; ; ;0; ; ; ; ; ; ; ;1; ; ; ;1;G931; ;I469; ;R688; ;C61; ; ; ;C61; ;1;210;28
1;1;1; ;6,60E+11;HOSPITAL DE CUBA;2;2013;9;13;40;1;9;24;6;13;0;2; ;SIN INFORMACION;6;170;66;1;1;2;2;CAFESALUD EPSS SA;1;2; ; ; ; ;0;0;0;0; ; ;0; ; ; ; ; ; ; ;1; ; ; ;1;C61; ;J449; ;I10; ; ; ; ; ;C61; ;1;210;28
170;1;3; ; ; ;2;2013;7;0;45;1;5;22;6;2;4;2; ;SIN INFORMACION;6;170;66;170;1;2;2;CAFESALUD EPSS SA;1;1; ; ; ; ;0;0;0;0; ; ;0; ; ; ; ; ; ; ;1; ; ; ;1;C61; ;C809; ;N390; ; ; ;J449; ;C61; ;1;210;28
1;1;1; ;6,60E+11;HOSPITAL DE KENNEDY;2;2013;9;20;30;1;5;24;6;2;5;2; ;MESEROS, TABERNEROS Y AFINES;6;170;66;1;1;2;2;ASMET SALUD ESS - ASOCIACION MUTUAL LA ESPERANZA;1;1; ; ; ; ;0;0;0;0; ; ;0; ; ; ; ; ; ; ;1; ;1; ;1;I469; ;C780; ;C61; ; ; ; ; ;C61; ;1;210;28
1;1;1; ;6,60E+11;EMPRESA SOCIAL DEL ESTADO HOSPITAL UNIVERSITARIO SAN JORGE;2;2013;11;14;45;1;4;24;6;13;0;2; ;SIN INFORMACION;6;170;66;682;3;2;2;ASMET SALUD ESS - ASOCIACION MUTUAL LA ESPERANZA;1;2; ; ; ; ;0;0;0;0; ; ;0; ; ; ; ; ; ; ;1; ; ; ;1;E872;R688;N189; ;C61; ; ; ;J159; ;C61; ;1;210;28
1;1;1; ;6,60E+11;COORP. IPS CRUZ BLANCA CLINICA PEREIRA;2;2013;11;11;0;1;6;22;6;2;5;2; ;OTROS ARTESANOS, NO CLASIFICADOS BAJO OTROS EPÍGRAFES;6;170;66;682;2;1;1;E.P.S.  SALUDCOOP;1;1; ; ; ; ;0;0;0;0; ; ;0; ; ; ; ; ; ; ;1; ; ; ;1;J969; ;J180; ;C61; ; ; ;C795;I509;C61; ;1;210;28
1;1;3; ;6,60E+11;CLINICA LOS ROSALES S.A;2;2013;11;7;15;1;1;24;6;2;5;2; ;PENSIONADO;6;170;66;170;1;1;1;NUEVA EPS SA;1;2; ; ; ; ;0;0;0;0; ; ;0; ; ; ; ; ; ; ; ; ;1; ;2;G931; ;C809; ;C61; ; ; ; ; ;C61; ;1;210;28
572;1;3; ;6,66E+11;ESE HOSPITAL SAN RAFAEL;2;2013;12;9;15;1;6;24;6;99;99;2; ;AGRICULTORES DE CULTIVOS TRANSITORIOS;6;170;66;572;1;2;2;CAFESALUD EPSS SA;1;2; ; ; ; ;0;0;0;0; ; ;0; ; ; ; ; ; ; ;1; ; ; ;1;I469; ;R688; ;C809; ; ; ;C61; ;C61; ;1;210;28
1;1;1; ;6,60E+11;EMPRESA SOCIAL DEL ESTADO HOSPITAL UNIVERSITARIO SAN JORGE;2;2013;12;11;0;1;4;23;6;99;99;2; ;AGRICULTORES DE CULTIVOS PERMANENTES (PLANTACIONES DE ÁRBOLES Y ARBUSTOS);1;170;66;1;3;2;2;AIC-EPSI-I - ASOCIACION INDIGENA DEL CAUCA AIC-EPSI-I;1;1; ; ; ; ;0;0;0;0; ; ;0; ; ; ; ; ; ; ;1; ; ; ;1;G931; ;E872; ;N189;Z492; ; ;C61; ;C61; ;1;210;28
1;1;1; ;6,60E+11;CLINICA COMFAMILIAR;2;2013;12;20;40;1;4;24;6;3;9;2; ;PENSIONADO;6;170;66;1;1;1;1;E.P.S.  SANITAS  S.A.;1;1; ; ; ; ;0;0;0;0; ; ;0; ; ; ; ; ; ; ;1; ; ; ;1;R570; ;J81; ;C61; ; ; ; ; ;C61; ;1;210;28
1;1;1; ;6,60E+11;HOSPITAL DE CUBA;2;2013;12;7;0;1;6;18;5;99;99;2; ;SIN INFORMACION;6;170;66;1;1;2;2;ASMET SALUD ESS - ASOCIACION MUTUAL LA ESPERANZA;1;2; ; ; ; ;0;0;0;0; ; ;0; ; ; ; ; ; ; ; ; ;1; ;2;I219; ;C61; ;C795; ; ; ; ; ;C61; ;1;210;28
1;1;1; ;6,60E+11;FUNDACIÓN CLÍNICA CARDIOVASCULAR DEL NIÑO DE RISARALDA;2;2013;1;11;0;1;5;20;5;2;5;2; ;PENSIONADO;6;170;66;170;1;1;1;NUEVA EPS SA;1;1; ; ; ; ;0;0;0;0; ; ;0; ; ; ; ; ; ; ;1; ; ; ;1;C61; ; ; ; ; ; ; ; ; ;C61; ;1;210;28
1;1;3; ;6,60E+11;CLINICA LOS ROSALES S.A;2;2013;2;22;5;1;6;26;6;2;5;2; ;CONDUCTORES DE CAMIONETAS Y VEHÍCULOS LIVIANOS;6;170;66;1;1;1;1;NUEVA EPS SA;1;2; ; ; ; ;0;0;0;0; ; ;0; ; ; ; ; ; ; ; ; ;1; ;2;R090; ;C61; ; ; ; ; ;J449;I10;C61; ;1;210;28
1;1;3; ;6,60E+11;CLINICA LOS ROSALES S.A;2;2013;9;14;15;1;5;24;6;2;3;2; ;OFICIALES MAQUINISTAS;5;170;66;1;1;1;1;COOMEVA   E.P.S.  S.A.;1;2; ; ; ; ;0;0;0;0; ; ;0; ; ; ; ; ; ; ;1; ;1; ;1;R570; ;D619; ;C795; ;C61; ; ; ;C61; ;1;210;28
1;1;1; ;6,60E+11;EMPRESA SOCIAL DEL ESTADO HOSPITAL UNIVERSITARIO SAN JORGE;2;2013;12;18;50;1;4;24;6;13;0;2; ;HOGAR;6;170;66;45;1;2;2;ASMET SALUD ESS - ASOCIACION MUTUAL LA ESPERANZA;1;2; ; ; ; ;0;0;0;0; ; ;0; ; ; ; ; ; ; ;1; ; ; ;1;E872; ;R578; ;K922; ;K628; ;C61; ;C61; ;1;210;28
170;1;3; ;6,62E+11;EMPRESA SOCIAL DEL ESTADO HOSPITAL SANTA MONICA;2;2013;1;19;0;1;1;25;6;13;0;2; ;OBREROS Y PEONES AGROPECUARIOS DE LABRANZA Y DE INVERNADERO;6;170;66;170;1;2;2;ASMET SALUD ESS - ASOCIACION MUTUAL LA ESPERANZA;1;2; ; ; ; ;0;0;0;0; ; ;0; ; ; ; ; ; ; ;1; ; ; ;1;C61; ; ; ; ; ; ; ; ; ;C61; ;1;210;28
682;1;3; ;6,67E+11;EMPRESA SOCIAL DEL ESTADO HOSPITAL SAN VICENTE DE PAUL SANTA ROSA DE CABAL;2;2013;7;11;40;1;6;23;6;2;3;2; ;AGRICULTORES DE CULTIVOS TRANSITORIOS;6;170;17;653;1;2;2;CAFESALUD EPSS SA;1;2; ; ; ; ;0;0;0;0; ; ;0; ; ; ; ; ; ; ; ; ;1; ;1;I469; ;C61; ;C795; ; ; ; ; ;C61; ;1;210;28
400;1;1; ;6,64E+11;EMPRESA SOCIAL DEL ESTADO HOSPITAL SAN PEDRO Y SAN PABLO LA VIRGINIA;2;2013;11;16;0;1;6;18;5;13;0;2; ;AGRICULTORES DE CULTIVOS TRANSITORIOS;6;170;66;400;1;3;5;FUERZAS MILITARES;1;2; ; ; ; ;0;0;0;0; ; ;0; ; ; ; ; ; ; ; ; ;1; ;2;R092; ;E43; ;C61; ; ; ; ; ;C61; ;1;210;28
1;1;1; ;6,60E+11;CORPORACIÓN MEDICA SALUD PARA LOS COLOMBIANOS - CMS COLOMBIA LTDA;2;2013;4;19;0;1;2;24;6;3;9;2; ;SIN INFORMACION;6;170;66;170;1;1;1;NUEVA EPS SA;1;1; ; ; ; ;0;0;0;0; ; ;0; ; ; ; ; ; ; ;1; ; ; ;1;R570; ;R688; ;D489; ;C61; ; ; ;C61; ;1;210;28
400;1;3; ;6,64E+11;EMPRESA SOCIAL DEL ESTADO HOSPITAL SAN PEDRO Y SAN PABLO LA VIRGINIA;2;2013;4;6;45;1;4;27;6;2;3;2; ;DIRIGENTES Y ADMINISTRADORES DE ORGANIZACIONES DE EMPLEADORES, DE TRABAJADORES Y DE OTRAS DE INTERÉS SOCIOECONÓMICO;6;170;66;400;1;1;1;NUEVA EPS SA;1;2; ; ; ; ;0;0;0;0; ; ;0; ; ; ; ; ; ; ; ; ;1; ;2;I469; ;C61; ; ; ; ; ;I10; ;C61; ;1;210;28
1;1;1; ;6,60E+11;EMPRESA SOCIAL DEL ESTADO HOSPITAL UNIVERSITARIO SAN JORGE;2;2013;6;18;0;1;4;22;6;3;8;2; ;MECÁNICOS Y AJUSTADORES DE VEHÍCULOS DE MOTOR;6;170;66;682;3;2;2;CAFESALUD EPSS SA;1;1; ; ; ; ;0;0;0;0; ; ;0; ; ; ; ; ; ; ;1; ; ; ;1;E872; ;C793; ;C61; ; ; ; ; ;C61; ;1;210;28
400;1;3; ;6,64E+11;EMPRESA SOCIAL DEL ESTADO HOSPITAL SAN PEDRO Y SAN PABLO LA VIRGINIA;2;2013;12;4;24;1;6;24;6;2;3;2; ;AGRICULTORES DE CULTIVOS TRANSITORIOS;6;170;66;687;3;2;2;CAFESALUD EPSS SA;1;2; ; ; ; ;0;0;0;0; ; ;0; ; ; ; ; ; ; ; ; ;1; ;1;I469; ;C61; ; ; ; ; ;I10; ;C61; ;1;210;28
1;1;1; ;6,60E+11;COORP. IPS CRUZ BLANCA CLINICA PEREIRA;2;2013;10;5;40;1;1;23;6;3;9;2; ;PENSIONADO;6;170;66;1;1;1;1;CAFESALUD;1;1; ; ; ; ;0;0;0;0; ; ;0; ; ; ; ; ; ; ;1; ; ; ;1;R688; ;C809; ;C61; ; ; ; ; ;C61; ;1;210;28
1;1;2; ;6,60E+11;SALUD TOTAL S.A ENTIDAD PROMOTORA DE SALUD EL LAGO;2;2013;12;8;30;1;6;21;6;3;9;2; ;CONDUCTORES DE TAXIS;6;170;66;1;1;1;1;SALUD TOTAL S.A. ENTIDAD PROMOTORA DE SALUD;1;1; ; ; ; ;0;0;0;0; ; ;0; ; ; ; ; ; ; ;1; ; ; ;1;R578; ;C793;C795;C61; ; ; ;I10; ;C61; ;1;210;28
1;1;3; ; ; ;2;2013;12;2;53;1;5;18;5;2;2;2; ;AGRICULTORES DE CULTIVOS TRANSITORIOS;6;170;66;1;1;2;2;ASMET SALUD ESS - ASOCIACION MUTUAL LA ESPERANZA;1;1; ; ; ; ;0;0;0;0; ; ;0; ; ; ; ; ; ; ;1; ;1; ;1;I469; ;R688; ;C61; ; ; ; ; ;C61; ;1;210;28
1;1;1; ;6,60E+11;CLINICA LOS ROSALES S.A;2;2013;8;17;20;1;5;25;6;2;5;2; ;PENSIONADO;6;170;66;1;1;1;1;NUEVA EPS SA;1;1; ; ; ; ;0;0;0;0; ; ;0; ; ; ; ; ; ; ;1; ; ; ;1;E878; ;N179; ;C61; ; ; ; ; ;C61; ;1;210;28
1;1;1; ;6,60E+11;EMPRESA SOCIAL DEL ESTADO HOSPITAL UNIVERSITARIO SAN JORGE;2;2013;6;7;45;1;3;19;5;3;9;2; ;HOGAR;6;170;66;1;1;2;2;ASMET SALUD ESS - ASOCIACION MUTUAL LA ESPERANZA;1;1; ; ; ; ;0;0;0;0; ; ;0; ; ; ; ; ; ; ;1; ; ; ;1;I469; ;R688; ;C61; ; ; ; ; ;C61; ;1;210;28
1;1;1; ;6,60E+11;CLINICA COMFAMILIAR;2;2013;2;19;40;1;6;21;6;11;3;2; ;QUÍMICOS Y AFINES;6;170;66;1;1;1;1;NUEVA EPS SA;1;2; ; ; ; ;0;0;0;0; ; ;0; ; ; ; ; ; ; ;1; ; ; ;1;C61; ; ; ; ; ; ; ;N390; ;C61; ;1;210;28
