﻿cod_munic;a_defun;sit_defun;otrsitiode;cod_inst;nom_inst;tipo_defun;ano;mes;hora;minutos;sexo;est_civil;gru_ed1;gru_ed2;nivel_edu;ultcurfal;muerteporo;simuertepo;ocupacion;idpertet;codpres;codptore;codmunre;area_res;seg_social;idadmisalu;idclasadmi;pman_muer;cons_exp;mu_parto;t_parto;tipo_emb;t_ges;peso_nac;edad_madre;n_hijosv;n_hijosm;est_civm;niv_edum;ultcurmad;emb_fal;emb_sem;emb_mes;man_muer;codocur;codmunoc;c_muerte;c_muerteb;c_muertec;c_muerted;c_muertee;asis_med;c_dir1;c_dir12;c_ant1;c_ant12;c_ant2;c_ant22;c_ant3;c_ant32;c_pat1;c_pat2;c_bas1;c_mcm1;idprofcer;causa_666;cau_homol
1;1;1; ;6,60E+11;CORPORACI?N MEDICA SALUD PARA LOS COLOMBIANOS - CMS COLOMBIA LTDA;2;2014;2;3;0;1;4;26;6;2;5;2; ;HOGAR;6;170;66;1;1;1;1;NUEVA EPS SA;1;1; ; ; ; ; ; ; ; ; ; ; ; ; ; ; ; ; ; ;1; ; ; ;1;I469; ;J984; ; ; ; ; ;C61; ;C61; ;1;210;28
682;1;3; ;6,67E+11;EMPRESA SOCIAL DEL ESTADO HOSPITAL SAN VICENTE DE PAUL SANTA ROSA DE CABAL;2;2014;2;18;30;1;4;23;6;2;2;2; ;HOGAR;5;170;66;682;1;2;2;CAFESALUD EPSS SA;1;2; ; ; ; ; ; ; ; ; ; ; ; ; ; ; ; ; ; ;1; ;1; ;1;C61; ; ; ; ; ; ; ; ; ;C61; ;1;210;28
1;1;1; ;6,60E+11;CLINICA LOS ROSALES S.A;2;2014;1;4;45;1;1;24;6;3;9;2; ;HOGAR;6;170;66;1;1;1;1;NUEVA EPS SA;1;2; ; ; ; ; ; ; ; ; ; ; ; ; ; ; ; ; ; ;1; ; ; ;1;J960; ;C782; ; ; ; ; ;C61; ;C61; ;1;210;28
1;1;3; ;6,60E+11;SERVICIO DE EMERGENCIAS REGIONALSERVICIO DE AMBULANCIA PREPAGO S.A;2;2014;1;17;35;1;6;25;6;2;5;2; ;AGRICULTORES DE CULTIVOS TRANSITORIOS;6;170;66;170;1;1;1;NUEVA EPS SA;1;2; ; ; ; ; ; ; ; ; ; ; ; ; ; ; ; ; ; ;1; ; ; ;1;N390; ;C61; ; ; ; ; ; ; ;C61; ;1;210;28
170;1;1; ;6,62E+11;EMPRESA SOCIAL DEL ESTADO HOSPITAL SANTA MONICA;2;2014;1;1;30;1;6;25;6;2;5;2; ;SIN INFORMACION;6;170;66;170;1;1;1;NUEVA EPS SA;1;2; ; ; ; ; ; ; ; ; ; ; ; ; ; ; ; ; ; ; ; ;1; ;2;J960; ;C61; ; ; ; ; ; ; ;C61; ;1;210;28
170;1;3; ;6,62E+11;EMPRESA SOCIAL DEL ESTADO HOSPITAL SANTA MONICA;2;2014;1;22;30;1;6;23;6;3;7;2; ;DIRECTORES DE DEPARTAMENTOS DE PRODUCCI?N Y OPERACIONES EN EMPRESAS DE INTERMEDIACI?N FINANCIERA Y SERVICIOS A EMPRESAS;6;170;66;170;1;2;2;ASMET SALUD ESS - ASOCIACION MUTUAL LA ESPERANZA;1;2; ; ; ; ; ; ; ; ; ; ; ; ; ; ; ; ; ; ; ; ;1; ;2;I469; ;C780; ;C61; ; ; ; ; ;C61; ;1;210;28
1;1;1; ;6,60E+11;CLINICA COMFAMILIAR;2;2014;1;15;0;1;3;21;6;5;11;2; ;SIN INFORMACION;5;170;66;170;1;1;1;EPS S.O.S. S.A. - EPS SERVICIO OCCIDENTAL DE SALUD  S.A.;1;1; ; ; ; ; ; ; ; ; ; ; ; ; ; ; ; ; ; ;1; ; ; ;1;R571; ;E43; ;C61; ; ; ; ; ;C61; ;1;210;28
1;1;1; ;6,60E+11;EMPRESA SOCIAL DEL ESTADO HOSPITAL UNIVERSITARIO SAN JORGE;2;2014;1;9;15;1;1;24;6;2;3;2; ;AGRICULTORES DE CULTIVOS TRANSITORIOS;6;170;66;1;1;2;2;CAFESALUD EPSS SA;1;1; ; ; ; ; ; ; ; ; ; ; ; ; ; ; ; ; ; ;1; ; ; ;1;I469; ;R688; ;C61; ; ; ;J449; ;C61; ;1;210;28
1;1;3; ;6,60E+11;COORP. IPS CRUZ BLANCA CLINICA PEREIRA;2;2014;1;18;0;1;4;27;6;2;5;2; ;DIRECTORES DE DEPARTAMENTOS DE PRODUCCI?N Y OPERACIONES EN COMERCIO MAYORISTA Y MINORISTAS;6;170;66;1;1;1;1;E.P.S.  SALUDCOOP;1;1; ; ; ; ; ; ; ; ; ; ; ; ; ; ; ; ; ; ;1; ; ; ;1;R578; ;C61; ; ; ; ; ; ; ;C61; ;1;210;28
1;1;3; ;6,60E+11;COORP. IPS CRUZ BLANCA CLINICA PEREIRA;2;2014;2;8;20;1;6;26;6;2;5;2; ;ELECTROT?CNICOS;6;170;66;1;1;1;1;E.P.S.  SALUDCOOP;1;2; ; ; ; ; ; ; ; ; ; ; ; ; ; ; ; ; ; ; ; ;1; ;2;R092; ;C780; ;C61; ; ; ;I10; ;C61; ;1;210;28
1;1;1; ;6,60E+11;EMPRESA SOCIAL DEL ESTADO HOSPITAL UNIVERSITARIO SAN JORGE;2;2014;3;3;50;1;4;25;6;1;3;2; ;EMBALADORES MANUALES Y OTROS OBREROS DE LA INDUSTRIA MANUFACTURERA;6;170;66;400;1;2;2;CAFESALUD EPSS SA;1;2; ; ; ; ; ; ; ; ; ; ; ; ; ; ; ; ; ; ;1; ;1; ;1;C61; ;N390; ;A419; ;R572; ;D649; ;C61; ;1;210;28
1;1;3; ;6,60E+11;SERVICIO DE EMERGENCIAS REGIONALSERVICIO DE AMBULANCIA PREPAGO S.A;2;2014;3;12;30;1;1;24;6;2;5;2; ;AGRICULTORES DE CULTIVOS PERMANENTES (PLANTACIONES DE ?RBOLES Y ARBUSTOS);6;170;66;1;1;1;1;EPS S.O.S. S.A. - EPS SERVICIO OCCIDENTAL DE SALUD  S.A.;1;2; ; ; ; ; ; ; ; ; ; ; ; ; ; ; ; ; ; ;1; ;1; ;1;R570; ;D649; ;C61; ; ; ; ; ;C61; ;1;210;28
440;1;3; ;6,64E+11;EMPRESA SOCIAL DEL ESTADO HOSPITAL SAN JOSE DE MARSELLA;2;2014;2;0;50;1;4;22;6;2;5;2; ;AGRICULTORES DE CULTIVOS TRANSITORIOS;6;170;66;440;1;2;2;CAFESALUD EPSS SA;1;2; ; ; ; ; ; ; ; ; ; ; ; ; ; ; ; ; ; ;1; ;1; ;1;C61; ;E149; ;I10; ; ; ; ; ;C61; ;1;210;28
1;1;3; ; ; ;2;2014;4;11;0;1;4;26;6;2;4;2; ;HOGAR;6;170;66;1;1;1;1;NUEVA EPS SA;1;2; ; ; ; ; ; ; ; ; ; ; ; ; ; ; ; ; ; ; ; ;1; ;2;G931; ;I469; ;C799; ;C61; ;C786; ;C61; ;1;210;28
1;2;3; ;6,60E+11;EMPRESA SOCIAL DEL ESTADO HOSPITAL UNIVERSITARIO SAN JORGE;2;2014;4;7;45;1;6;26;6;13; ;2; ;AGRICULTORES DE CULTIVOS TRANSITORIOS;1;170;66;1;2;2;2;PIJAOS SALUD EPSI;1;2; ; ; ; ; ; ; ; ; ; ; ; ; ; ; ; ; ; ; ; ;1; ;1;I469; ;J969; ;C61; ; ; ; ; ;C61; ;1;210;28
1;1;1; ;6,60E+11;CORPORACI?N MEDICA SALUD PARA LOS COLOMBIANOS - CMS COLOMBIA LTDA;2;2014;4;8;20;1;6;20;5;4;11;2; ;HOGAR;6;170;66;1;1;1;1;NUEVA EPS SA;1;1; ; ; ; ; ; ; ; ; ; ; ; ; ; ; ; ; ; ;1; ; ; ;1;C61; ;C793; ;J969; ; ; ; ; ;C61; ;1;210;28
1;1;1; ;6,60E+11;ONCOLOGOS DEL OCCIDENTELTDA PEREIRA;2;2014;4;3;16;1;3;20;5;2;5;2; ;AGRICULTORES DE CULTIVOS TRANSITORIOS;6;170;66;1;2;2;2;ASMET SALUD ESS - ASOCIACION MUTUAL LA ESPERANZA;1;2; ; ; ; ; ; ; ; ; ; ; ; ; ; ; ; ; ; ;1; ; ; ;1;C61; ;K729; ;K729; ; ; ; ; ;C61; ;1;210;28
572;3;3; ;6,66E+11;ESE HOSPITAL SAN RAFAEL;2;2014;5;15;15;1;6;25;6;2;2;2; ;TRABAJADORES AGROPECUARIOS;6;170;66;572;3;2;2;CAFESALUD EPSS SA;1;2; ; ; ; ; ; ; ; ; ; ; ; ; ; ; ; ; ; ; ; ;1; ;2;I469; ;R688; ;C799; ;C61; ;I10; ;C61; ;1;210;28
1;1;1; ;6,60E+11;CLINICA LOS ROSALES S.A;2;2014;5;15;25;1;6;24;6;2;5;2; ;HOGAR;6;170;66;1;1;1;1;NUEVA EPS SA;1;2; ; ; ; ; ; ; ; ; ; ; ; ; ; ; ; ; ; ;1;1; ; ;1;J960; ;J690; ; ; ; ; ;C61; ;C61; ;1;210;28
170;1;3; ; ; ;2;2014;5;7;50;1;5;21;6;2;5;2; ;AGRICULTORES DE CULTIVOS TRANSITORIOS;6;170;66;170;1;1;1;NUEVA EPS SA;1;2; ; ; ; ; ; ; ; ; ; ; ; ; ; ; ; ; ; ; ; ;1; ;1;R688; ;C61;C795; ; ; ; ;J449; ;C61; ;1;210;28
682;1;3; ;6,67E+11;EMPRESA SOCIAL DEL ESTADO HOSPITAL SAN VICENTE DE PAUL SANTA ROSA DE CABAL;2;2014;5;15;0;1;6;25;6;99;99;2; ;VIGILANTES Y CELADORES;6;170;66;682;1;1;1;NUEVA EPS SA;1;2; ; ; ; ; ; ; ; ; ; ; ; ; ; ; ; ; ; ;1; ;1; ;1;R570; ;J960; ;C61; ; ; ;J449; ;C61; ;1;210;28
1;1;1; ;6,60E+11;HOSPITAL DE CUBA;2;2014;6;14;50;1;4;25;6;2;5;2; ;OTROS TRABAJADORES DE SERVICIOS PERSONALES A PARTICULARES, NO CLASIFICADOS BAJO OTROS EP?GRAFES;6;170;66;1;1;2;2;ASMET SALUD ESS - ASOCIACION MUTUAL LA ESPERANZA;1;2; ; ; ; ; ; ; ; ; ; ; ; ; ; ; ; ; ; ;1; ; ; ;1;A419; ;N390; ;C61; ; ; ; ; ;C61; ;1;210;28
1;1;1; ;6,60E+11;EMPRESA SOCIAL DEL ESTADO HOSPITAL UNIVERSITARIO SAN JORGE;2;2014;6;14;45;1;5;22;6;99;99;2; ;AGRICULTORES DE CULTIVOS TRANSITORIOS;6;170;66;170;1;2;2;CAFESALUD EPSS SA;1;2; ; ; ; ; ; ; ; ; ; ; ; ; ; ; ; ; ; ;1; ; ; ;1;C61; ;N390; ; ; ; ; ; ; ;C61; ;1;210;28
1;1;1; ;6,60E+11;COORP. IPS CRUZ BLANCA CLINICA PEREIRA;2;2014;4;13;30;1;9;24;6;99;99;2; ;COMPRADORES;6;170;66;1;1;1;1;E.P.S.  SALUDCOOP;1;2; ; ; ; ; ; ; ; ; ; ; ; ; ; ; ; ; ; ;1; ;1; ;1;J960; ;J984; ;C782; ;C61; ; ; ;C61; ;1;210;28
1;1;3; ;6,60E+11;SERVICIO DE EMERGENCIAS REGIONALSERVICIO DE AMBULANCIA PREPAGO S.A;2;2014;6;6;0;1;6;23;6;2;3;2; ;PENSIONADO;6;170;66;1;1;1;1;EPS S.O.S. S.A. - EPS SERVICIO OCCIDENTAL DE SALUD  S.A.;1;2; ; ; ; ; ; ; ; ; ; ; ; ; ; ; ; ; ; ; ; ;1; ;2;I461; ;I500; ;C61; ; ; ;C809;E43;C61; ;1;210;28
1;1;1; ;6,60E+11;CLINICA COMFAMILIAR;2;2014;6;21;0;1;6;21;6;9;6;2; ;ABOGADOS;6;170;66;1;1;1;1;EPS S.O.S. S.A. - EPS SERVICIO OCCIDENTAL DE SALUD  S.A.;1;2; ; ; ; ; ; ; ; ; ; ; ; ; ; ; ; ; ; ;1; ; ; ;1;I469; ;R570; ;N185; ; ; ;C61; ;C61; ;1;210;28
170;1;1; ;6,62E+11;EMPRESA SOCIAL DEL ESTADO HOSPITAL SANTA MONICA;2;2014;6;14;50;1;1;23;6;2;3;2; ;HOGAR;6;170;66;170;1;2;2;ASMET SALUD ESS - ASOCIACION MUTUAL LA ESPERANZA;1;2; ; ; ; ; ; ; ; ; ; ; ; ; ; ; ; ; ; ;1; ; ; ;1;J189; ;C793; ;C61; ; ; ; ; ;C61; ;1;210;28
1;1;1; ;6,60E+11;CLINICA COMFAMILIAR;2;2014;6;21;40;1;6;25;6;2;5;2; ;HOGAR;6;170;66;170;1;1;1;EPS S.O.S. S.A. - EPS SERVICIO OCCIDENTAL DE SALUD  S.A.;1;1; ; ; ; ; ; ; ; ; ; ; ; ; ; ; ; ; ; ;1; ; ; ;1;J969; ;C782; ;A419; ;D381; ;C61; ;C61; ;1;210;28
1;1;3; ;6,60E+11;HOSPITAL DEL CENTRO;2;2014;7;9;0;1;3;21;6;13; ;2; ;SIN INFORMACION;6;170;66;1;1;5; ; ;1;2; ; ; ; ; ; ; ; ; ; ; ; ; ; ; ; ; ; ;1; ; ; ;1;C61; ; ; ; ; ; ; ; ; ;C61; ;1;210;28
1;1;1; ;6,60E+11;EMPRESA SOCIAL DEL ESTADO HOSPITAL UNIVERSITARIO SAN JORGE;2;2014;7;13;53;1;6;25;6;1;3;2; ;AGENTES COMERCIALES Y CORREDORES, NO CLASIFICADOS BAJO OTROS EP?GRAFES;6;170;66;1;1;2;2;ASMET SALUD ESS - ASOCIACION MUTUAL LA ESPERANZA;1;1; ; ; ; ; ; ; ; ; ; ; ; ; ; ; ; ; ; ;1;1;1; ;1;I469; ;E86; ;N390; ;C61; ; ; ;C61; ;1;210;28
1;1;3; ;6,60E+11;HOSPITAL DEL CENTRO;2;2014;7;19;15;1;3;24;6;2;5;2; ;COMPRADORES;6;170;66;1;1;2;2;ASMET SALUD ESS - ASOCIACION MUTUAL LA ESPERANZA;1;2; ; ; ; ; ; ; ; ; ; ; ; ; ; ; ; ; ; ; ; ;1; ;2;I442; ;K831; ;C61; ; ; ;I500; ;C61; ;1;210;28
1;1;1; ;6,60E+11;COORP. IPS CRUZ BLANCA CLINICA PEREIRA;2;2014;6;21;30;1;5;25;6;2;5;2; ;OBREROS DE OBRAS P?BLICAS Y MANTENIMIENTO: CARRETERAS, PRESAS Y OBRAS SIMILARES;6;170;66;170;1;1;1;E.P.S.  SALUDCOOP;1;2; ; ; ; ; ; ; ; ; ; ; ; ; ; ; ; ; ; ;1; ; ; ;1;I469; ;C799; ;C61; ; ; ; ; ;C61; ;1;210;28
1;1;1; ;6,60E+11;EMPRESA SOCIAL DEL ESTADO HOSPITAL UNIVERSITARIO SAN JORGE;2;2014;8;1;40;1;6;22;6;1;3;2; ;AGRICULTORES DE CULTIVOS TRANSITORIOS;6;170;66;1;3;2;2;ASMET SALUD ESS - ASOCIACION MUTUAL LA ESPERANZA;1;1; ; ; ; ; ; ; ; ; ; ; ; ; ; ; ; ; ; ;1; ; ; ;1;I219; ;C793; ; ; ; ; ;C61; ;C61; ;1;210;28
1;1;1; ;6,60E+11;CLINICA LOS ROSALES S.A;2;2014;8;11;10;1;1;24;6;13; ;2; ;PENSIONADO;6;170;66;170;1;1;1;NUEVA EPS SA;1;2; ; ; ; ; ; ; ; ; ; ; ; ; ; ; ; ; ; ;1;1;1; ;1;C61; ; ; ; ; ; ; ; ; ;C61; ;1;210;28
1;1;3; ;6,60E+11;ONCOLOGOS DEL OCCIDENTELTDA PEREIRA;2;2014;8;4;0;1;6;23;6;4;11;2; ;T?CNICOS, POSTSECUNDARIOS NO UNIVERSITARIOS Y ASISTENTES EN OPERACIONES COMERCIALES, NO CLASIFICADOS BAJO OTROS EP?GRAFES;6;170;66;1;1;1;1;NUEVA EPS SA;1;2; ; ; ; ; ; ; ; ; ; ; ; ; ; ; ; ; ; ;1; ;1; ;1;R688; ;C61; ; ; ; ; ; ; ;C61; ;1;210;28
682;1;1; ;6,67E+11;CLINICA SANTA CLARA LTDA;2;2014;9;12;25;1;4;23;6;3;9;2; ;SIN INFORMACION;6;170;66;682;1;5; ; ;1;2; ; ; ; ; ; ; ; ; ; ; ; ; ; ; ; ; ; ;1; ; ; ;1;C61; ; ; ; ; ; ; ; ; ;C61; ;1;210;28
170;1;3; ;6,62E+11;EMPRESA SOCIAL DEL ESTADO HOSPITAL SANTA MONICA;2;2014;9;1;0;1;1;24;6;2;1;2; ;AGRICULTORES DE CULTIVOS TRANSITORIOS;5;170;66;170;1;2;2;CAPRECOM - CAJA DE PREVISION SOCIAL DE COMUNICACIONES;1;2; ; ; ; ; ; ; ; ; ; ; ; ; ; ; ; ; ; ; ; ;1; ;2;I469; ;C780; ;C61; ; ; ; ; ;C61; ;1;210;28
1;1;1; ;6,60E+11;COORP. IPS CRUZ BLANCA CLINICA PEREIRA;2;2014;8;22;50;1;6;25;6;2;5;2; ;T?CNICOS Y ASISTENTES EN FARMACIA;6;170;66;1;1;1;1;CAFESALUD;1;1; ; ; ; ; ; ; ; ; ; ; ; ; ; ; ; ; ; ;1;1; ; ;1;C61; ; ; ; ; ; ; ;I639; ;C61; ;1;210;28
1;1;3; ; ; ;2;2014;9;14;35;1;5;25;6;2;2;2; ;AGRICULTORES DE CULTIVOS TRANSITORIOS;6;170;66;1;1;2;2;ASMET SALUD ESS - ASOCIACION MUTUAL LA ESPERANZA;1;2; ; ; ; ; ; ; ; ; ; ; ; ; ; ; ; ; ; ;1; ; ; ;1;C61; ; ; ; ; ; ; ; ; ;C61; ;1;210;28
440;3;3; ;6,64E+11;EMPRESA SOCIAL DEL ESTADO HOSPITAL SAN JOSE DE MARSELLA;2;2014;9;9;0;1;9;24;6;2;5;2; ;AGRICULTORES DE CULTIVOS TRANSITORIOS;6;170;66;440;3;2;2;CAFESALUD EPSS SA;1;2; ; ; ; ; ; ; ; ; ; ; ; ; ; ; ; ; ; ; ; ;1; ;2;C61; ; ; ; ; ; ; ; ; ;C61; ;1;210;28
1;1;1; ;6,60E+11;COORP. IPS CRUZ BLANCA CLINICA PEREIRA;2;2014;9;22;0;1;5;24;6;2;5;2; ;AGRICULTORES DE CULTIVOS PERMANENTES (PLANTACIONES DE ?RBOLES Y ARBUSTOS);6;170;66;1;1;1;1;CAFESALUD;1;1; ; ; ; ; ; ; ; ; ; ; ; ; ; ; ; ; ; ;1;1;1; ;1;C61; ; ; ; ; ; ; ; ; ;C61; ;1;210;28
1;1;1; ;6,60E+11;EMPRESA SOCIAL DEL ESTADO HOSPITAL UNIVERSITARIO SAN JORGE;2;2014;9;4;45;1;9;25;6;2;5;2; ;HOGAR;6;170;66;1;1;5; ; ;1;2; ; ; ; ; ; ; ; ; ; ; ; ; ; ; ; ; ; ; ; ;1; ;2;J969; ;C799; ;C61; ; ; ; ; ;C61; ;1;210;28
170;1;3; ;6,62E+11;EMPRESA SOCIAL DEL ESTADO HOSPITAL SANTA MONICA;2;2014;9;6;0;1;3;24;6;99;99;2; ;OFICIALES Y OPERARIOS DE LA CONSTRUCCI?N Y AFINES, NO CLASIFICADOS BAJO OTROS EP?GRAFES;6;170;66;170;1;2;2;CAPRECOM - CAJA DE PREVISION SOCIAL DE COMUNICACIONES;1;2; ; ; ; ; ; ; ; ; ; ; ; ; ; ; ; ; ; ;1; ;1; ;1;C61; ;J969; ; ; ; ; ; ; ;C61; ;1;210;28
1;1;3; ;6,60E+11;EMPRESA SOCIAL DEL ESTADO HOSPITAL UNIVERSITARIO SAN JORGE;2;2014;10;6;0;1;6;21;6;1;3;2; ;AGRICULTORES DE CULTIVOS PERMANENTES (PLANTACIONES DE ?RBOLES Y ARBUSTOS);6;170;66;1;1;2;2;CAFESALUD EPSS SA;1;2; ; ; ; ; ; ; ; ; ; ; ; ; ; ; ; ; ; ;1; ;1; ;1;A419; ;R100; ;K566; ;C61; ; ; ;C61; ;1;210;28
1;1;1; ;6,60E+11;EMPRESA SOCIAL DEL ESTADO HOSPITAL UNIVERSITARIO SAN JORGE;2;2014;10;7;20;1;6;25;6;2;5;2; ;AGRICULTORES DE CULTIVOS PERMANENTES (PLANTACIONES DE ?RBOLES Y ARBUSTOS);6;170;66;400;1;2;2;ASMET SALUD ESS - ASOCIACION MUTUAL LA ESPERANZA;1;1; ; ; ; ; ; ; ; ; ; ; ; ; ; ; ; ; ; ;1; ; ; ;1;E873; ;E340; ;D649; ;C61; ;J449; ;C61; ;1;210;28
1;2;3; ;6,60E+11;HOSPITAL DE CUBA;2;2014;10;15;45;1;6;24;6;13; ;2; ;AGRICULTORES DE CULTIVOS TRANSITORIOS;6;170;66;1;2;2;2;CAFESALUD EPSS SA;1;2; ; ; ; ; ; ; ; ; ; ; ; ; ; ; ; ; ; ; ; ;1; ;2;T730; ;C809; ;C61; ; ; ; ; ;C61; ;1;210;28
1;1;1; ;6,60E+11;EMPRESA SOCIAL DEL ESTADO HOSPITAL UNIVERSITARIO SAN JORGE;2;2014;10;21;10;1;6;24;6;1;3;2; ;HOGAR;6;170;66;1;1;2;2;ASMET SALUD ESS - ASOCIACION MUTUAL LA ESPERANZA;1;2; ; ; ; ; ; ; ; ; ; ; ; ; ; ; ; ; ; ; ; ;1; ;2;J969; ;C799; ;C61; ; ; ; ; ;C61; ;1;210;28
1;1;1; ;6,60E+11;EMPRESA SOCIAL DEL ESTADO HOSPITAL UNIVERSITARIO SAN JORGE;2;2014;10;8;0;1;6;25;6;2;2;2; ;OBREROS DE LA CONSTRUCCI?N DE EDIFICIOS;6;170;66;1;1;2;2;ASMET SALUD ESS - ASOCIACION MUTUAL LA ESPERANZA;1;1; ; ; ; ; ; ; ; ; ; ; ; ; ; ; ; ; ; ;1; ; ; ;1;I469; ;R688; ;C61; ; ; ; ; ;C61; ;1;210;28
440;1;6;HOGAR DEL ANCIANO;6,64E+11;EMPRESA SOCIAL DEL ESTADO HOSPITAL SAN JOSE DE MARSELLA;2;2014;9;7;35;1;5;24;6;13; ;2; ;OPERARIOS DE LA CONSERVACI?N DE FRUTAS, LEGUMBRES, VERDURAS Y AFINES;6;170;66;440;1;2;2;CAFESALUD EPSS SA;1;2; ; ; ; ; ; ; ; ; ; ; ; ; ; ; ; ; ; ;1; ; ; ;1;C61; ;I469; ; ; ; ; ; ; ;C61; ;1;210;28
1;1;1; ;6,60E+11;CLINICA LOS ROSALES S.A;2;2014;10;18;38;1;3;24;6;2;5;2; ;PENSIONADO;6;170;66;1;1;1;1;EPS SURA;1;2; ; ; ; ; ; ; ; ; ; ; ; ; ; ; ; ; ; ;1;1; ; ;1;R572; ;N390; ;C61; ; ; ; ; ;C61; ;1;210;28
687;1;3; ;6,67E+11;EMPRESA SOCIAL DEL ESTADO HOSPITAL SAN VICENTE DE PAUL;2;2014;11;19;40;1;6;26;6;2;2;2; ;AGRICULTORES DE CULTIVOS TRANSITORIOS;6;170;66;687;1;2;2;ASMET SALUD ESS - ASOCIACION MUTUAL LA ESPERANZA;1;2; ; ; ; ; ; ; ; ; ; ; ; ; ; ; ; ; ; ; ; ;1; ;2;R688; ;E878; ;C61; ; ; ; ; ;C61; ;1;210;28
1;1;1; ;6,60E+11;INVERSIONES CLINICA MARA?ON LTDA;2;2014;11;10;30;1;9;23;6;1;3;2; ;TRABAJADORES SOCIALES Y AFINES;6;170;66;170;1;1;1;NUEVA EPS SA;1;2; ; ; ; ; ; ; ; ; ; ; ; ; ; ; ; ; ; ;1; ; ; ;1;J969; ;C780; ;C61; ; ; ; ; ;C61; ;1;210;28
1;1;1; ;6,60E+11;CLINICA COMFAMILIAR;2;2014;11;6;50;1;3;21;6;4;11;2; ;AGENTES COMERCIALES Y CORREDORES, NO CLASIFICADOS BAJO OTROS EP?GRAFES;6;170;66;170;1;1;1;EPS S.O.S. S.A. - EPS SERVICIO OCCIDENTAL DE SALUD  S.A.;1;2; ; ; ; ; ; ; ; ; ; ; ; ; ; ; ; ; ; ;1; ;1; ;1;J969; ;C61; ;C780; ; ; ; ; ;C61; ;1;210;28
1;1;1; ;6,60E+11;COORP. IPS CRUZ BLANCA CLINICA PEREIRA;2;2014;12;16;20;1;6;24;6;13; ;2; ;OBREROS DE LA CONSTRUCCI?N DE EDIFICIOS;6;170;66;170;1;1;1;E.P.S.  SALUDCOOP;1;2; ; ; ; ; ; ; ; ; ; ; ; ; ; ; ; ; ; ;1; ; ; ;1;C61; ; ; ; ; ; ; ;J449;I64;C61; ;1;210;28
1;1;1; ;6,60E+11;EMPRESA SOCIAL DEL ESTADO HOSPITAL UNIVERSITARIO SAN JORGE;2;2014;12;8;15;1;5;23;6;2;5;2; ;VENDEDORES AMBULANTES;6;170;66;1;1;2;2;CAFESALUD EPSS SA;1;2; ; ; ; ; ; ; ; ; ; ; ; ; ; ; ; ; ; ;1; ; ; ;1;N185; ;C61; ; ; ; ; ; ; ;C61; ;1;210;28
1;1;1; ;6,60E+11;EMPRESA SOCIAL DEL ESTADO HOSPITAL UNIVERSITARIO SAN JORGE;2;2014;12;5;15;1;6;20;5;7;2;2; ;PENSIONADO;6;170;66;1;1;1;1;NUEVA EPS SA;1;1; ; ; ; ; ; ; ; ; ; ; ; ; ; ; ; ; ; ;1; ; ; ;1;C61; ;C787; ;C794; ; ; ; ; ;C61; ;1;210;28
1;1;3; ;6,60E+11;SERVICIO DE EMERGENCIAS REGIONALSERVICIO DE AMBULANCIA PREPAGO S.A;2;2014;2;6;30;1;6;22;6;9;6;2; ;ABOGADOS;6;170;66;1;1;1;1;NUEVA EPS SA;1;2; ; ; ; ; ; ; ; ; ; ; ; ; ; ; ; ; ; ;1; ; ; ;1;C61; ; ; ; ; ; ; ; ; ;C61; ;1;210;28
1;1;1; ;6,60E+11;ONCOLOGOS DEL OCCIDENTELTDA PEREIRA;2;2014;8;11;50;1;6;21;6;3;9;2; ;VENDEDORES, DEMOSTRADORES DE TIENDAS Y ALMACENES;6;170;66;1;1;1;1;NUEVA EPS SA;1;2; ; ; ; ; ; ; ; ; ; ; ; ; ; ; ; ; ; ;1; ; ; ;1;K729; ;C61; ; ; ; ; ; ; ;C61; ;1;210;28
170;1;3; ; ; ;2;2014;12;0;10;1;1;20;5;3;8;2; ;VENDEDORES A DOMICILIO Y POR TEL?FONO;6;170;66;170;1;2;2;ASMET SALUD ESS - ASOCIACION MUTUAL LA ESPERANZA;1;1; ; ; ; ; ; ; ; ; ; ; ; ; ; ; ; ; ; ;1; ;1; ;1;R571; ;K922; ;C788; ;C61; ;I64; ;C61; ;1;210;28
88;3;3; ;6,61E+11;EMPRESA SOCIAL DEL ESTADO HOSPITAL SAN JOSE;2;2014;3;23;40;1;5;20;5;99;99;2; ;AGRICULTORES DE CULTIVOS TRANSITORIOS;6;170;66;88;3;2;2;ASMET SALUD ESS - ASOCIACION MUTUAL LA ESPERANZA;1;2; ; ; ; ; ; ; ; ; ; ; ; ; ; ; ; ; ; ;1; ; ; ;1;R571; ;N390; ;C61; ; ; ; ; ;C61; ;1;210;28
1;1;1; ;6,60E+11;HOSPITAL DE KENNEDY;2;2014;3;21;15;1;5;20;5;2;5;2; ;COORDINADORES Y SUPERVISORES DE VENTAS Y COMERCIALIZACI?N;6;170;66;1;1;2;2;CAFESALUD EPSS SA;1;2; ; ; ; ; ; ; ; ; ; ; ; ; ; ; ; ; ; ; ; ;1; ;2;I469; ;N185; ;C61; ; ; ; ; ;C61; ;1;210;28
1;1;3; ; ; ;2;2014;4;14;10;1;1;23;6;2;3;2; ;HOGAR;6;170;66;1;1;2;2;CAPRECOM - CAJA DE PREVISION SOCIAL DE COMUNICACIONES;1;2; ; ; ; ; ; ; ; ; ; ; ; ; ; ; ; ; ; ;1; ;1; ;1;G931; ;I469; ;C799; ;C61; ; ; ;C61; ;1;210;28
1;1;3; ;6,60E+11;HOSPITAL DE KENNEDY;2;2014;4;17;40;1;5;23;6;13; ;2; ;AGRICULTORES DE CULTIVOS TRANSITORIOS;6;170;66;1;1;2;2;CAPRECOM - CAJA DE PREVISION SOCIAL DE COMUNICACIONES;1;2; ; ; ; ; ; ; ; ; ; ; ; ; ; ; ; ; ; ; ; ;1; ;2;C61; ; ; ; ; ; ; ; ; ;C61; ;1;210;28
400;1;1; ;6,64E+11;EMPRESA SOCIAL DEL ESTADO HOSPITAL SAN PEDRO Y SAN PABLO LA VIRGINIA;2;2014;10;14;50;1;4;26;6;2;5;2; ;AGRICULTORES DE CULTIVOS TRANSITORIOS;6;170;66;400;1;2;2;CAFESALUD EPSS SA;1;1; ; ; ; ; ; ; ; ; ; ; ; ; ; ; ; ; ; ;1; ; ; ;1;I469; ;J189; ;C61; ; ; ;I10; ;C61; ;1;210;28
682;1;1; ;6,67E+11;EMPRESA SOCIAL DEL ESTADO HOSPITAL SAN VICENTE DE PAUL SANTA ROSA DE CABAL;2;2014;5;5;29;1;6;23;6;2;5;2; ;AGRICULTORES DE CULTIVOS TRANSITORIOS;6;170;66;682;1;2;2;CAFESALUD EPSS SA;1;2; ; ; ; ; ; ; ; ; ; ; ; ; ; ; ; ; ; ;1; ;1; ;1;C782; ;C61; ; ; ; ; ; ; ;C61; ;1;210;28
1;1;1; ;6,60E+11;EMPRESA SOCIAL DEL ESTADO HOSPITAL UNIVERSITARIO SAN JORGE;2;2014;3;23;54;1;5;23;6;2;3;2; ;SIN INFORMACION;6;170;66;1;1;2;2;ASMET SALUD ESS - ASOCIACION MUTUAL LA ESPERANZA;1;1; ; ; ; ; ; ; ; ; ; ; ; ; ; ; ; ; ; ;1; ; ; ;1;J984; ;C61; ;J189; ; ; ; ; ;C61; ;1;210;28
1;1;3; ; ; ;2;2014;6;7;30;1;4;28;6;99;99;2; ;SIN INFORMACION;6;170;66;1;1;2;2;CAFESALUD EPSS SA;1;2; ; ; ; ; ; ; ; ; ; ; ; ; ; ; ; ; ; ;1; ;1; ;1;G931; ;I469; ;J961; ;C61; ;R688; ;C61; ;1;210;28
1;1;1; ;6,60E+11;CLINICA COMFAMILIAR;2;2014;11;1;20;1;6;25;6;2;5;2; ;HOGAR;6;170;66;1;1;1;1;E.P.S.  SANITAS  S.A.;1;1; ; ; ; ; ; ; ; ; ; ; ; ; ; ; ; ; ; ;1; ; ; ;1;J969; ;C61;C780;K922; ; ; ; ; ;C61; ;1;210;28
1;1;1; ;6,60E+11;CORPORACI?N MEDICA SALUD PARA LOS COLOMBIANOS - CMS COLOMBIA LTDA;2;2014;12;0;45;1;4;24;6;2;5;2; ;HOGAR;6;170;66;170;1;3;5;FONDO DE PRESTACIONES SOCIALES DEL MAGISTERIO;1;2; ; ; ; ; ; ; ; ; ; ; ; ; ; ; ; ; ; ;1; ; ; ;1;I469; ;I219; ;C61; ; ; ; ; ;C61; ;1;210;28
1;1;3; ;6,60E+11;COORP. IPS CRUZ BLANCA CLINICA PEREIRA;2;2014;6;9;30;1;9;24;6;2;5;2; ;REPRESENTANTES COMERCIALES Y T?CNICOS DE VENTAS;6;170;66;170;1;1;1;E.P.S.  SALUDCOOP;1;2; ; ; ; ; ; ; ; ; ; ; ; ; ; ; ; ; ; ;1; ; ; ;1;I469; ;C61;C799;C61; ; ; ; ; ;C61; ;1;210;28
1;1;3; ; ; ;2;2014;8;7;35;1;5;20;5;13; ;2; ;SIN INFORMACION;6;170;66;1;1;2;2;ASMET SALUD ESS - ASOCIACION MUTUAL LA ESPERANZA;1;1; ; ; ; ; ; ; ; ; ; ; ; ; ; ; ; ; ; ;1; ;1; ;1;R688; ;C61; ; ; ; ; ; ; ;C61; ;1;210;28
