﻿COD_MUNIC;A_DEFUN;SIT_DEFUN;OTRSITIODE;COD_INST;NOM_INST;TIPO_DEFUN;ANO;MES;HORA;MINUTOS;SEXO;EST_CIVIL;GRU_ED1;GRU_ED2;NIVEL_EDU;ULTCURFAL;MUERTEPORO;SIMUERTEPO;OCUPACION;IDPERTET;CODPRES;CODPTORE;CODMUNRE;AREA_RES;SEG_SOCIAL;IDADMISALU;IDCLASADMI;PMAN_MUER;CONS_EXP;MU_PARTO;T_PARTO;TIPO_EMB;T_GES;PESO_NAC;EDAD_MADRE;N_HIJOSV;N_HIJOSM;EST_CIVM;NIV_EDUM;ULTCURMAD;EMB_FAL;EMB_SEM;EMB_MES;MAN_MUER;CODOCUR;CODMUNOC;C_MUERTE;C_MUERTEB;C_MUERTEC;C_MUERTED;C_MUERTEE;ASIS_MED;C_DIR1;C_DIR12;C_ANT1;C_ANT12;C_ANT2;C_ANT22;C_ANT3;C_ANT32;C_PAT1;C_PAT2;C_BAS1;C_MCM1;IDPROFCER;CAUSA_666;CAU_HOMOL
400;1;3; ;6,64E+11;EMPRESA SOCIAL DEL ESTADO HOSPITAL SAN PEDRO Y SAN PABLO LA VIRGINIA;2;2015;1;10;0;1;5;25;6;13; ;2; ;HOGAR;6;170;66;400;1;2;2;CAFESALUD EPSS SA;1;1; ; ; ; ; ; ; ; ; ; ; ; ; ; ; ; ; ; ;1; ; ; ;1;C61; ; ; ; ; ; ; ; ; ;C61; ;1;210;28
1;1;3; ; ; ;2;2015;1;13;0;1;9;20;5;3;9;2; ;HOGAR;6;170;66;1;1;1;1;COOMEVA   E.P.S.  S.A.;1;2; ; ; ; ; ; ; ; ; ; ; ; ; ; ; ; ; ; ; ; ;1; ;1;G931; ;C799; ;C61; ; ; ; ; ;C61; ;1;210;28
1;1;1; ;6,60E+11;CLINICA SAN RAFAEL;2;2015;1;5;45;1;6;20;5;9;5;2; ;CONTADORES;6;170;66;1;1;1;1;SALUD TOTAL S.A. ENTIDAD PROMOTORA DE SALUD;1;2; ; ; ; ; ; ; ; ; ; ; ; ; ; ; ; ; ; ;1; ; ; ;1;I619; ;C799; ;C61; ; ; ; ; ;C61; ;1;210;28
682;1;3; ;6,67E+11;EMPRESA SOCIAL DEL ESTADO HOSPITAL SAN VICENTE DE PAUL SANTA ROSA DE CABAL;2;2015;1;14;0;1;6;25;6;2;3;2; ;AGRICULTORES DE CULTIVOS PERMANENTES (PLANTACIONES DE ?RBOLES Y ARBUSTOS);6;170;66;682;1;1;1;E.P.S.  SALUDCOOP;1;2; ; ; ; ; ; ; ; ; ; ; ; ; ; ; ; ; ; ; ; ;1; ;2;J960; ;J189; ; ; ; ; ;C61; ;C61; ;1;210;28
1;1;3; ;6,60E+11;CLINICA LOS ROSALES S.A;2;2015;1;2;0;1;3;19;5;3;8;2; ;AGRICULTORES DE CULTIVOS TRANSITORIOS;6;170;66;1;1;1;1;COOMEVA   E.P.S.  S.A.;1;2; ; ; ; ; ; ; ; ; ; ; ; ; ; ; ; ; ; ; ; ;1; ;2;R570; ;C61; ; ; ; ; ; ; ;C61; ;1;210;28
1;1;1; ;6,60E+11;COORP. IPS CRUZ BLANCA CLINICA PEREIRA;2;2015;2;23;30;1;6;24;6;2;5;2; ;HOGAR;6;170;66;170;1;1;1;E.P.S.  SALUDCOOP;1;2; ; ; ; ; ; ; ; ; ; ; ; ; ; ; ; ; ; ;1;1;1; ;1;S720; ;J189; ;C61; ;I489; ;I469;J189;C61; ;1;210;28
170;1;3; ;6,62E+11;EMPRESA SOCIAL DEL ESTADO HOSPITAL SANTA MONICA;2;2015;2;16;20;1;1;19;5;2;2;2; ;OFICIALES Y OPERARIOS DE LA CONSTRUCCI?N Y AFINES, NO CLASIFICADOS BAJO OTROS EP?GRAFES;6;170;66;170;1;2;2;CAFESALUD EPSS SA;1;2; ; ; ; ; ; ; ; ; ; ; ; ; ; ; ; ; ; ; ; ;1; ;2;I469; ;C780; ;C61; ; ; ; ; ;C61; ;1;210;28
1;1;1; ;6,60E+11;COORP. IPS CRUZ BLANCA CLINICA PEREIRA;2;2015;2;12;10;1;6;22;6;2;5;2; ;HOGAR;6;170;66;682;1;1;1;E.P.S.  SALUDCOOP;1;2; ; ; ; ; ; ; ; ; ; ; ; ; ; ; ; ; ; ;1;1;1; ;1;R092; ;J81; ;C61; ; ; ; ; ;C61; ;1;210;28
1;1;3; ;6,60E+11;SERVICIO DE EMERGENCIAS REGIONALSERVICIO DE AMBULANCIA PREPAGO S.A;2;2015;2;22;15;1;4;25;6;3;9;2; ;HOGAR;6;170;66;1;1;1;1;CAFESALUD;1;2; ; ; ; ; ; ; ; ; ; ; ; ; ; ; ; ; ; ; ; ;1; ;1;C61; ;C959; ;E149; ;D649; ;E46; ;C61; ;1;210;28
1;1;1; ;6,60E+11;CLINICA LOS ROSALES S.A;2;2015;2;5;30;1;6;23;6;2;2;2; ;PENSIONADO;6;170;66;170;1;1;1;NUEVA EPS SA;1;2; ; ; ; ; ; ; ; ; ; ; ; ; ; ; ; ; ; ;1; ;1; ;1;R572; ;N390; ;C61; ; ; ;F059;N19;C61; ;1;210;28
1;1;1; ;6,60E+11;CLINICA LOS ROSALES S.A;2;2015;2;6;16;1;3;19;5;9;2;2; ;VENDEDORES EN QUIOSCOS Y PUESTOS DE MERCADO;6;170;66;1;1;1;1;NUEVA EPS SA;1;1; ; ; ; ; ; ; ; ; ; ; ; ; ; ; ; ; ; ;1;1; ; ;1;N179; ;C61; ;C787; ; ; ; ; ;C61; ;1;210;28
383;1;3; ;6,64E+11;EMPRESA SOCIAL DEL ESTADO HOSPITAL SAN JOSE;2;2015;3;9;0;1;6;23;6;13; ;2; ;HOGAR;6;170;66;383;1;2;2;ASMET SALUD ESS - ASOCIACION MUTUAL LA ESPERANZA;1;1; ; ; ; ; ; ; ; ; ; ; ; ; ; ; ; ; ; ;1; ;1; ;1;I469; ;K922; ;C349; ; ; ;C61; ;C61; ;1;210;28
1;1;1; ;6,60E+11;EMPRESA SOCIAL DEL ESTADO HOSPITAL UNIVERSITARIO SAN JORGE;2;2015;3;20;25;1;1;21;6;3;7;2; ;AGRICULTORES DE CULTIVOS TRANSITORIOS;6;170;76;1;3;2;2;ASMET SALUD ESS - ASOCIACION MUTUAL LA ESPERANZA;1;1; ; ; ; ; ; ; ; ; ; ; ; ; ; ; ; ; ; ;1; ; ; ;1;I219; ;J81; ;D649; ;C61; ; ; ;C61; ;1;210;28
1;1;3; ;6,60E+11;SERVICIO DE EMERGENCIAS REGIONALSERVICIO DE AMBULANCIA PREPAGO S.A;2;2015;3;12;55;1;4;26;6;2;5;2; ;ALBA?ILES, MAMPOSTEROS Y AFINES;6;170;66;1;1;1;1;NUEVA EPS SA;1;2; ; ; ; ; ; ; ; ; ; ; ; ; ; ; ; ; ; ;1; ; ; ;1;C61; ; ; ; ; ; ; ; ; ;C61; ;1;210;28
1;1;1; ;6,60E+11;CLINICA LOS ROSALES S.A;2;2015;4;10;30;1;6;24;6;2;5;2; ;PENSIONADO;6;170;66;1;1;1;1;NUEVA EPS SA;1;1; ; ; ; ; ; ; ; ; ; ; ; ; ; ; ; ; ; ;1; ; ; ;1;J969; ;I269; ;S720; ; ; ;C61; ;C61; ;1;210;28
1;1;5; ;6,60E+11;CLINICA LOS ROSALES S.A;2;2015;4;11;40;1;5;22;6;2;1;2; ;AGRICULTORES DE CULTIVOS TRANSITORIOS;6;170;66;170;1;1;1;NUEVA EPS SA;1;2; ; ; ; ; ; ; ; ; ; ; ; ; ; ; ; ; ; ; ; ;1; ;2;I219; ;C61; ; ; ; ; ; ; ;C61; ;1;210;28
1;1;3; ;6,60E+11;EMPRESA SOCIAL DEL ESTADO HOSPITAL UNIVERSITARIO SAN JORGE;2;2015;4;5;50;1;5;24;6;99;99;2; ;HOGAR;6;170;66;1;1;2;2;ASMET SALUD ESS - ASOCIACION MUTUAL LA ESPERANZA;1;2; ; ; ; ; ; ; ; ; ; ; ; ; ; ; ; ; ; ; ; ;1; ;1;C61; ; ; ; ; ; ; ; ; ;C61; ;1;210;28
400;1;3; ;6,64E+11;EMPRESA SOCIAL DEL ESTADO HOSPITAL SAN PEDRO Y SAN PABLO LA VIRGINIA;2;2015;4;9;0;1;4;25;6;99;99;2; ;OBREROS Y PEONES AGROPECUARIOS DE LABRANZA Y DE INVERNADERO;6;170;66;400;1;2;2;CAFESALUD EPSS SA;1;1; ; ; ; ; ; ; ; ; ; ; ; ; ; ; ; ; ; ;1; ; ; ;1;C61; ; ; ; ; ; ; ; ; ;C61; ;1;210;28
1;1;1; ;6,60E+11;ONCOLOGOS DEL OCCIDENTELTDA PEREIRA;2;2015;5;13;5;1;6;22;6;2;5;2; ;PENSIONADO;6;170;63;130;1;1;1;NUEVA EPS SA;1;1; ; ; ; ; ; ; ; ; ; ; ; ; ; ; ; ; ; ;1; ; ; ;1;R688; ;J969;R090;J189; ; ; ;C61; ;C61; ;1;210;28
1;1;1; ;6,60E+11;SALUD TOTAL S.A ENTIDAD PROMOTORA DE SALUD EL LAGO;2;2015;5;3;2;1;6;22;6;2;5;2; ;HOGAR;6;170;66;1;1;1;1;SALUD TOTAL S.A. ENTIDAD PROMOTORA DE SALUD;1;2; ; ; ; ; ; ; ; ; ; ; ; ; ; ; ; ; ; ;1; ; ; ;1;R570; ;C780; ;C61; ; ; ; ; ;C61; ;1;210;28
594;2;3; ;6,66E+11;CENTRO DE SALUD SANTA TERESITA IRRA;2;2015;5;1;30;1;4;25;6;13; ;2; ;AGRICULTORES DE CULTIVOS TRANSITORIOS;6;170;66;594;2;2;2;CAFESALUD EPSS SA;1;2; ; ; ; ; ; ; ; ; ; ; ; ; ; ; ; ; ; ; ; ;1; ;2;R572; ;C61; ;T730; ;I219; ;I10;N390;C61; ;1;210;28
1;1;1; ;6,60E+11;EMPRESA SOCIAL DEL ESTADO HOSPITAL UNIVERSITARIO SAN JORGE;2;2015;5;10;50;1;6;23;6;2;2;2; ;AGRICULTORES DE CULTIVOS TRANSITORIOS;6;170;17;777;3;2;2;CAFESALUD EPSS SA;1;1; ; ; ; ; ; ; ; ; ; ; ; ; ; ; ; ; ; ;1; ; ; ;1;I469; ;R688; ;C61; ; ; ; ; ;C61; ;1;210;28
1;1;1; ;6,60E+11;CORPORACI?N MEDICA SALUD PARA LOS COLOMBIANOS - CMS COLOMBIA LTDA;2;2015;5;7;50;1;1;21;6;9;5;2; ;PROFESORES DE EDUCACI?N SECUNDARIA;6;170;66;1;1;3;5;FONDO DE PRESTACIONES SOCIALES DEL MAGISTERIO;1;2; ; ; ; ; ; ; ; ; ; ; ; ; ; ; ; ; ; ;1; ; ; ;1;R688; ;C61; ; ; ; ; ; ; ;C61; ;1;210;28
400;1;3; ;6,64E+11;EMPRESA SOCIAL DEL ESTADO HOSPITAL SAN PEDRO Y SAN PABLO LA VIRGINIA;2;2015;7;12;0;1;1;24;6;2;3;2; ;AGRICULTORES DE CULTIVOS TRANSITORIOS;6;170;66;400;1;1;1;E.P.S.  SALUDCOOP;1;2; ; ; ; ; ; ; ; ; ; ; ; ; ; ; ; ; ; ;1; ; ; ;1;R092; ;C61; ; ; ; ; ; ; ;C61; ;1;210;28
1;1;3; ;6,60E+11;HOSPITAL DEL CENTRO;2;2015;7;1;15;1;4;24;6;2;5;2; ;SIN INFORMACION;6;170;66;1;1;2;2;CAFESALUD EPSS SA;1;2; ; ; ; ; ; ; ; ; ; ; ; ; ; ; ; ; ; ;1; ; ; ;1;C61; ;N19; ; ; ; ; ; ; ;C61; ;1;210;28
170;1;3; ;6,62E+11;EMPRESA SOCIAL DEL ESTADO HOSPITAL SANTA MONICA;2;2015;7;23;18;1;4;20;5;99;99;2; ;SUBOFICIALES DE LAS FUERZAS MILITARES;6;170;66;170;1;2;2;ASMET SALUD ESS - ASOCIACION MUTUAL LA ESPERANZA;1;2; ; ; ; ; ; ; ; ; ; ; ; ; ; ; ; ; ; ; ; ;1; ;2;I469; ;C61; ;C799; ; ; ; ; ;C61; ;1;210;28
1;1;1; ;6,60E+11;HOSPITAL DE CUBA;2;2015;6;23;0;1;9;26;6;99;99;2; ;SIN INFORMACION;6;170;66;1;1;2;2;CAFESALUD EPSS SA;1;2; ; ; ; ; ; ; ; ; ; ; ; ; ; ; ; ; ; ;1; ; ; ;1;C61; ;R688; ; ; ; ; ; ; ;C61; ;1;210;28
1;1;3; ;6,60E+11;SALUD TOTAL S.A ENTIDAD PROMOTORA DE SALUD EL LAGO;2;2015;6;2;35;1;6;22;6;3;9;2; ;PENSIONADO;6;170;66;1;1;1;1;SALUD TOTAL S.A. ENTIDAD PROMOTORA DE SALUD;1;2; ; ; ; ; ; ; ; ; ; ; ; ; ; ; ; ; ; ;1; ; ; ;1;R092; ;J960; ;J159; ;C61; ; ; ;C61; ;1;210;28
1;1;1; ;6,60E+11;EMPRESA SOCIAL DEL ESTADO HOSPITAL UNIVERSITARIO SAN JORGE;2;2015;6;22;50;1;9;23;6;99;99;2; ;HOGAR;6;170;66;170;1;2;2;ASMET SALUD ESS - ASOCIACION MUTUAL LA ESPERANZA;1;2; ; ; ; ; ; ; ; ; ; ; ; ; ; ; ; ; ; ;1; ; ; ;1;I469; ;R688; ;C61; ;E874; ;E878; ;C61; ;1;210;28
1;1;1; ;6,60E+11;COORP. IPS CRUZ BLANCA CLINICA PEREIRA;2;2015;5;10;25;1;5;23;6;9;5;2; ;AGRICULTORES DE CULTIVOS PERMANENTES (PLANTACIONES DE ?RBOLES Y ARBUSTOS);6;170;17;1;1;1;1;E.P.S.  SALUDCOOP;1;1; ; ; ; ; ; ; ; ; ; ; ; ; ; ; ; ; ; ;1;1; ; ;1;J189; ;C61; ; ; ; ; ;E46;E149;C61; ;1;210;28
383;1;3; ;6,64E+11;EMPRESA SOCIAL DEL ESTADO HOSPITAL SAN JOSE;2;2015;6;7;20;1;5;21;6;2;2;2; ;HOGAR;6;170;66;383;1;2;2;CAFESALUD EPSS SA;1;1; ; ; ; ; ; ; ; ; ; ; ; ; ; ; ; ; ; ;1; ;1; ;1;I219; ;C61; ; ; ; ; ; ; ;C61; ;1;210;28
1;1;1; ;6,60E+11;SERVICIO DE EMERGENCIAS REGIONALSERVICIO DE AMBULANCIA PREPAGO S.A;2;2015;6;3;30;1;6;25;6;4;11;2; ;EBANISTAS Y AFINES;6;170;66;1;1;1;1;SALUD TOTAL S.A. ENTIDAD PROMOTORA DE SALUD;1;2; ; ; ; ; ; ; ; ; ; ; ; ; ; ; ; ; ; ;1; ; ; ;1;J189; ; ; ; ; ; ; ;I10;C61;C61; ;1;210;28
440;1;3; ;6,64E+11;EMPRESA SOCIAL DEL ESTADO HOSPITAL SAN JOSE DE MARSELLA;2;2015;6;5;40;1;1;21;6;99;99;2; ;HOGAR;6;170;66;440;1;2;2;CAFESALUD EPSS SA;1;2; ; ; ; ; ; ; ; ; ; ; ; ; ; ; ; ; ; ; ; ;1; ;2;I469; ;C61; ;C791; ; ; ;C61; ;C61; ;1;210;28
1;1;1; ;6,60E+11;LIGA CONTRA EL CANCER SECCIONAL RISARALDA;2;2015;8;1;50;1;4;22;6;3;9;2; ;HOGAR;6;170;66;1;1;1;1;SALUD TOTAL S.A. ENTIDAD PROMOTORA DE SALUD;1;1; ; ; ; ; ; ; ; ; ; ; ; ; ; ; ; ; ; ;1; ; ; ;1;C61; ;C159; ;E149; ;I10; ; ; ;C61; ;1;210;28
1;1;1; ;6,60E+11;EMPRESA SOCIAL DEL ESTADO HOSPITAL UNIVERSITARIO SAN JORGE;2;2015;3;9;0;1;9;22;6;99;99;2; ;OBREROS Y PEONES AGROPECUARIOS DE LABRANZA Y DE INVERNADERO;6;170;66;1;1;2;2;ASMET SALUD ESS - ASOCIACION MUTUAL LA ESPERANZA;1;2; ; ; ; ; ; ; ; ; ; ; ; ; ; ; ; ; ; ;1; ;1; ;1;C61; ;C780; ;K650; ;N390; ; ; ;C61; ;1;210;28
1;1;1; ;6,60E+11;CLINICA LOS ROSALES S.A;2;2015;8;16;25;1;6;24;6;2;5;2; ;PENSIONADO;6;170;66;1;1;1;1;NUEVA EPS SA;1;2; ; ; ; ; ; ; ; ; ; ; ; ; ; ; ; ; ; ;1;1;1; ;1;J690; ;R688; ;C61; ; ; ;I10; ;C61; ;1;210;28
1;1;1; ;6,60E+11;COORP. IPS CRUZ BLANCA CLINICA PEREIRA;2;2015;7;4;10;1;1;24;6;99;99;2; ;HOGAR;6;170;76;147;1;1;1;E.P.S.  SALUDCOOP;1;2; ; ; ; ; ; ; ; ; ; ; ; ; ; ; ; ; ; ;1; ; ; ;1;C61; ; ; ; ; ; ; ; ; ;C61; ;1;210;28
1;1;1; ;6,60E+11;CLINICA LOS ROSALES S.A;2;2015;8;5;40;1;9;25;6;99;99;2; ;HOGAR;6;170;66;682;1;1;1;COOMEVA   E.P.S.  S.A.;1;1; ; ; ; ; ; ; ; ; ; ; ; ; ; ; ; ; ; ;1; ; ; ;1;R092; ;R31; ;C61; ; ; ; ; ;C61; ;1;210;28
1;1;1; ;6,60E+11;CLINICA LOS ROSALES S.A;2;2015;8;1;20;1;6;25;6;2;5;2; ;HOGAR;6;170;76;400;1;1;1;NUEVA EPS SA;1;1; ; ; ; ; ; ; ; ; ; ; ; ; ; ; ; ; ; ;1; ; ; ;1;R570; ;N189; ;C61; ; ; ; ; ;C61; ;1;210;28
1;1;1; ;6,60E+11;EMPRESA SOCIAL DEL ESTADO HOSPITAL UNIVERSITARIO SAN JORGE;2;2015;9;1;30;1;1;20;5;2;4;2; ;VENDEDORES, DEMOSTRADORES DE TIENDAS Y ALMACENES;6;170;66;1;3;2;2;CAFESALUD EPSS SA;1;1; ; ; ; ; ; ; ; ; ; ; ; ; ; ; ; ; ; ;1;1;1; ;1;J969; ;C61; ; ; ; ; ;N179; ;C61; ;1;210;28
1;1;1; ;6,60E+11;CLINICA COMFAMILIAR;2;2015;9;20;45;1;1;22;6;3;9;2; ;PENSIONADO;6;170;76;20;1;1;1;COOMEVA   E.P.S.  S.A.;1;2; ; ; ; ; ; ; ; ; ; ; ; ; ; ; ; ; ; ;1; ; ; ;1;N19; ;N179; ;C61; ; ; ; ; ;C61; ;1;210;28
170;1;3; ; ; ;2;2015;8;15;30;1;6;26;6;2;3;2; ;SIN INFORMACION;6;170;66;170;1;1;1;NUEVA EPS SA;1;2; ; ; ; ; ; ; ; ; ; ; ; ; ; ; ; ; ; ; ; ;1; ;2;J969; ;J189; ;C780; ;C61; ; ; ;C61; ;1;210;28
1;1;1; ;6,60E+11;SERVICIO DE EMERGENCIAS REGIONALSERVICIO DE AMBULANCIA PREPAGO S.A;2;2015;10;16;8;1;6;21;6;2;5;2; ;AGRICULTORES DE CULTIVOS TRANSITORIOS;6;170;66;1;1;1;1;SALUD TOTAL S.A. ENTIDAD PROMOTORA DE SALUD;1;2; ; ; ; ; ; ; ; ; ; ; ; ; ; ; ; ; ; ; ; ;1; ;2;C795; ;C61; ; ; ; ; ;I10;E119;C61; ;1;210;28
682;1;1; ;6,67E+11;EMPRESA SOCIAL DEL ESTADO HOSPITAL SAN VICENTE DE PAUL SANTA ROSA DE CABAL;2;2015;10;9;30;1;6;22;6;2;5;2; ;OPERADORES DE M?QUINAS DE TRATAMIENTO DE PIELES Y CUEROS;6;170;66;682;1;1;1;NUEVA EPS SA;1;2; ; ; ; ; ; ; ; ; ; ; ; ; ; ; ; ; ; ;1; ; ; ;1;I490; ;R688; ;C61; ; ; ;J449; ;C61; ;1;210;28
1;1;1; ;6,60E+11;COORP. IPS CRUZ BLANCA CLINICA PEREIRA;2;2015;11;17;12;1;6;24;6;13; ;2; ;HOGAR;6;170;66;1;1;2;2;CAFESALUD EPSS SA;1;2; ; ; ; ; ; ; ; ; ; ; ; ; ; ; ; ; ; ;1; ; ; ;1;R688; ;C61; ; ; ; ; ; ; ;C61; ;1;210;28
1;1;1; ;6,60E+11;CLINICA COMFAMILIAR;2;2015;12;8;10;1;6;24;6;13; ;2; ;SIN INFORMACION;6;170;66;1;2;1;1;NUEVA EPS SA;1;2; ; ; ; ; ; ; ; ; ; ; ; ; ; ; ; ; ; ;1; ; ; ;1;C61; ;N179; ; ; ; ; ; ; ;C61; ;1;210;28
1;2;3; ;6,60E+11;HOSPITAL DE CUBA;2;2015;12;13;0;1;6;20;5;2;5;2; ;AGRICULTORES DE CULTIVOS TRANSITORIOS;6;170;66;1;2;2;2;CAFESALUD EPSS SA;1;2; ; ; ; ; ; ; ; ; ; ; ; ; ; ; ; ; ; ;1; ;1; ;1;C61; ;C61; ; ; ; ; ;E46;I10;C61; ;1;210;28
1;1;1; ;6,60E+11;INVERSIONES DUMIAN E.U.;2;2015;12;6;30;1;1;25;6;3;9;2; ;SUBOFICIALES DE LAS FUERZAS MILITARES;5;170;66;1;1;3;5;FUERZAS MILITARES;1;2; ; ; ; ; ; ; ; ; ; ; ; ; ; ; ; ; ; ;1; ; ; ;1;N179; ;C61; ; ; ; ; ;C780; ;C61; ;1;210;28
1;1;1; ;6,60E+11;EMPRESA SOCIAL DEL ESTADO HOSPITAL UNIVERSITARIO SAN JORGE;2;2015;12;23;9;1;3;26;6;13; ;2; ;SIN INFORMACION;6;170;66;1;1;2;2;ASMET SALUD ESS - ASOCIACION MUTUAL LA ESPERANZA;1;2; ; ; ; ; ; ; ; ; ; ; ; ; ; ; ; ; ; ;1;1;1; ;1;I269;J960;N390; ;C61; ; ; ;N189; ;C61; ;1;210;28
1;1;1; ;6,60E+11;CORPORACI?N MEDICA SALUD PARA LOS COLOMBIANOS - CMS COLOMBIA LTDA;2;2015;10;10;40;1;6;23;6;7;2;2; ;PENSIONADO;6;170;66;1;1;1;1;NUEVA EPS SA;1;2; ; ; ; ; ; ; ; ; ; ; ; ; ; ; ; ; ; ;1; ; ; ;1;I219; ;D649; ;C61; ; ; ; ; ;C61; ;1;210;28
170;1;3; ;6,62E+11;EMPRESA SOCIAL DEL ESTADO HOSPITAL SANTA MONICA;2;2015;10;13;20;1;1;22;6;99;99;2; ;ATLETAS, DEPORTISTAS Y AFINES;6;170;66;170;1;2;2;ASMET SALUD ESS - ASOCIACION MUTUAL LA ESPERANZA;1;2; ; ; ; ; ; ; ; ; ; ; ; ; ; ; ; ; ; ; ; ;1; ;2;G934;N19;N185; ;C61; ; ; ;N185; ;C61; ;1;210;28
1;1;3; ;6,60E+11;HOSPITAL DEL CENTRO;2;2015;11;12;30;1;4;26;6;99;99;2; ;ZAPATEROS Y AFINES;6;170;66;1;1;2;2;COMFENALCO QUINDIO - CAJA DE COMPENSACION FAMILIAR DE FENALCO;1;2; ; ; ; ; ; ; ; ; ; ; ; ; ; ; ; ; ; ; ; ;1; ;1;C61; ; ; ; ; ; ; ; ; ;C61; ;1;210;28
1;1;3; ; ; ;2;2015;10;12;10;1;5;21;6;2;5;2; ;VENDEDORES A DOMICILIO Y POR TEL?FONO;6;170;66;1;1;2;2;ASMET SALUD ESS - ASOCIACION MUTUAL LA ESPERANZA;1;2; ; ; ; ; ; ; ; ; ; ; ; ; ; ; ; ; ; ; ; ;1; ;2;C61; ; ; ; ; ; ; ;E46; ;C61; ;1;210;28
1;1;1; ;6,60E+11;CLINICA LOS ROSALES S.A;2;2015;10;5;30;1;5;24;6;4;11;2; ;PENSIONADO;6;170;66;1;1;1;1;NUEVA EPS SA;1;1; ; ; ; ; ; ; ; ; ; ; ; ; ; ; ; ; ; ;1; ; ; ;1;J969; ;C780; ;C61; ; ; ; ; ;C61; ;1;210;28
1;1;3; ;6,60E+11;ONCOLOGOS DEL OCCIDENTELTDA PEREIRA;2;2015;9;9;0;1;6;23;6;9;5;2; ;OFICIALES DE LAS FUERZAS MILITARES;6;170;66;1;1;3;5;FUERZAS MILITARES;1;2; ; ; ; ; ; ; ; ; ; ; ; ; ; ; ; ; ; ;1; ; ; ;1;C61; ; ; ; ; ; ; ; ; ;C61; ;1;210;28
1;1;1; ;6,60E+11;EMPRESA SOCIAL DEL ESTADO HOSPITAL UNIVERSITARIO SAN JORGE;2;2015;11;2;0;1;9;22;6;99;99;2; ;SIN INFORMACION;6;170;66;1;1;5; ; ;1;2; ; ; ; ; ; ; ; ; ; ; ; ; ; ; ; ; ; ;1; ; ; ;1;J969; ;N009; ;Z491; ;C61; ;K922; ;C61; ;1;210;28
1;1;1; ;6,60E+11;EMPRESA SOCIAL DEL ESTADO HOSPITAL UNIVERSITARIO SAN JORGE;2;2015;12;10;30;1;6;19;5;3;9;2; ;AGENTES Y POLICIAS DE TRANSITO;6;170;66;400;1;5; ; ;1;2; ; ; ; ; ; ; ; ; ; ; ; ; ; ; ; ; ; ;1; ; ; ;1;I469; ;C61; ; ; ; ; ; ; ;C61; ;1;210;28
1;1;1; ;6,60E+11;COORP. IPS CRUZ BLANCA CLINICA PEREIRA;2;2015;11;0;20;1;6;20;5;9;3;2; ;PENSIONADO;6;170;66;170;1;1;1;E.P.S.  SALUDCOOP;1;1; ; ; ; ; ; ; ; ; ; ; ; ; ; ; ; ; ; ;1; ; ; ;1;F059; ;E878; ;C61;C795; ; ; ; ;C61; ;1;210;28
1;1;1; ;6,60E+11;COORP. IPS CRUZ BLANCA CLINICA PEREIRA;2;2015;9;6;40;1;6;21;6;99;99;2; ;SIN INFORMACION;6;170;76;400;1;2;2;CAFESALUD EPSS SA;1;1; ; ; ; ; ; ; ; ; ; ; ; ; ; ; ; ; ; ;1; ; ; ;1;D619; ;C61; ; ; ; ; ; ; ;C61; ;1;210;28
1;1;1; ;6,60E+11;COORP. IPS CRUZ BLANCA CLINICA PEREIRA;2;2015;9;6;58;1;6;25;6;2;3;2; ;CONDUCTORES DE TAXIS;6;170;66;170;1;1;1;E.P.S.  SALUDCOOP;1;1; ; ; ; ; ; ; ; ; ; ; ; ; ; ; ; ; ; ;1; ; ; ;1;R688; ;N390; ;C61; ; ; ; ; ;C61; ;1;210;28
