﻿COD_MUNIC;A_DEFUN;SIT_DEFUN;OTRSITIODE;COD_INST;NOM_INST;TIPO_DEFUN;ANO;MES;HORA;MINUTOS;SEXO;EST_CIVIL;GRU_ED1;GRU_ED2;NIVEL_EDU;ULTCURFAL;MUERTEPORO;SIMUERTEPO;OCUPACION;IDPERTET;CODPRES;CODPTORE;CODMUNRE;AREA_RES;SEG_SOCIAL;IDADMISALU;IDCLASADMI;PMAN_MUER;CONS_EXP;MU_PARTO;T_PARTO;TIPO_EMB;T_GES;PESO_NAC;EDAD_MADRE;N_HIJOSV;N_HIJOSM;EST_CIVM;NIV_EDUM;ULTCURMAD;EMB_FAL;EMB_SEM;EMB_MES;MAN_MUER;CODOCUR;CODMUNOC;C_MUERTE;C_MUERTEB;C_MUERTEC;C_MUERTED;C_MUERTEE;ASIS_MED;C_DIR1;C_DIR12;C_ANT1;C_ANT12;C_ANT2;C_ANT22;C_ANT3;C_ANT32;C_PAT1;C_PAT2;C_BAS1;C_MCM1;IDPROFCER;CAUSA_666;CAU_HOMOL
1;1;1; ;6,6001E+11;COORP. IPS CRUZ BLANCA CLINICA PEREIRA;2;2011;1;18;30;1;6;21;6;2;5;2; ;PINTORES, EMPAPELADORES Y AFINES;6;170;66;170;1;1;1;E.P.S.  SALUDCOOP;1;2; ; ; ; ;0;0;0;0; ; ; ; ; ; ; ; ; ; ;1; ; ; ;1;J960; ;N390; ;C798; ; ; ; ; ;C61; ;1;210;28
1;1;3; ;6,6001E+11;COORP. IPS CRUZ BLANCA CLINICA PEREIRA;2;2011;1;2;30;1;4;22;6;2;5;2; ;OBREROS DE OBRAS P+BLICAS Y MANTENIMIENTO: CARRETERAS, PRESAS Y OBRAS SIMILARES;6;170;66;170;1;1;1;E.P.S.  SALUDCOOP;1;2; ; ; ; ;0;0;0;0; ; ; ; ; ; ; ; ; ; ; ; ;1; ;1;I469; ;C793; ;C61; ; ; ; ; ;C61; ;1;210;28
170;1;3; ;6,617E+11;EMPRESA SOCIAL DEL ESTADO HOSPITAL SANTA MONICA;2;2011;1;6;15;1;6;21;6;9;5;2; ;PROFESORES DE EDUCACIËN SECUNDARIA;6;170;66;1;1;4;4;FONDO DE PRESTACIONES SOCIALES DEL MAGISTERIO;1;1; ; ; ; ;0;0;0;0; ; ; ; ; ; ; ; ; ; ;1; ; ; ;1;R688; ;C61; ; ; ; ; ;C80; ;C61; ;1;210;28
1;1;1; ;6,6001E+11;COORP. IPS CRUZ BLANCA CLINICA PEREIRA;2;2011;2;16;45;1;3;22;6;2;5;2; ;CONDUCTORES DE CAMIONES Y VEH-CULOS PESADOS;6;170;76;1;1;1;1;E.P.S.  SALUDCOOP;1;2; ; ; ; ;0;0;0;0; ; ; ; ; ; ; ; ; ; ;1; ;1; ;1;J960; ;R578; ;C793; ;C61; ;I10;E149;C61; ;1;210;28
1;1;3; ;6,6001E+11;SERVICIO DE EMERGENCIAS REGIONALSERVICIO DE AMBULANCIA PREPAGO S.A;2;2011;2;12;49;1;6;26;6;3;9;2; ;CONDUCTORES DE CAMIONES Y VEH-CULOS PESADOS;6;170;66;170;1;1;1;NUEVA EPS SA;1;2; ; ; ; ;0;0;0;0; ; ; ; ; ; ; ; ; ; ;1; ;1; ;1;C80; ;C798; ; ; ; ; ; ; ;C61; ;1;210;28
400;1;3; ;6,64E+11;EMPRESA SOCIAL DEL ESTADO HOSPITAL SAN PEDRO Y SAN PABLO LA VIRGINIA;2;2011;2;2;0;1;3;22;6;13;0;2; ;HOGAR;6;170;66;400;1;2;2;CAPRECOM - CAJA DE PREVISION SOCIAL DE COMUNICACIONES;1;2; ; ; ; ;0;0;0;0; ; ; ; ; ; ; ; ; ; ;1;1; ; ;1;C61; ; ; ; ; ; ; ; ; ;C61; ;1;210;28
1;1;3; ;6,6001E+11;CLINICA COMFAMILIAR;2;2011;2;14;0;1;6;23;6;3;9;2; ;AGENTES DE LA POLIC-A NACIONAL;6;170;66;1;1;3;5;POLICIA NACIONAL;1;2; ; ; ; ;0;0;0;0; ; ; ; ; ; ; ; ; ; ; ; ;1; ;2;E878; ;N189; ;C798; ; ; ;I219; ;C61; ;1;210;28
682;1;1; ;6,6682E+11;EMPRESA SOCIAL DEL ESTADO HOSPITAL SAN VICENTE DE PAUL SANTA ROSA DE CABAL;2;2011;3;15;30;1;1;20;5;99;99;1;2;OBREROS DE LA CONSTRUCCIËN DE EDIFICIOS;6;170;66;682;1;2;2;ASMET SALUD ESS - ASOCIACION MUTUAL LA ESPERANZA;1;2; ; ; ; ;0;0;0;0; ; ; ; ; ; ; ; ; ; ;1; ; ; ;1;R570; ;C61; ; ; ; ; ; ; ;C61; ;1;210;28
1;1;1; ;6,6001E+11;COORP. IPS CRUZ BLANCA CLINICA PEREIRA;2;2011;3;13;10;1;1;23;6;2;2;2; ;DIRECTORES DE DEPARTAMENTOS FINANCIEROS Y ADMINISTRATIVOS;6;170;66;1;1;1;1;CAFESALUD;1;2; ; ; ; ;0;0;0;0; ; ; ; ; ; ; ; ; ; ;1; ; ; ;1;R092; ;J984; ;C780; ;C61; ; ; ;C61; ;1;210;28
400;1;3; ;6,64E+11;EMPRESA SOCIAL DEL ESTADO HOSPITAL SAN PEDRO Y SAN PABLO LA VIRGINIA;2;2011;3;5;5;1;5;19;5;5;11;2; ;PRESTAMISTAS;6;170;66;400;1;2;2;CAFESALUD REGIMEN SUBSIDIADO;1;2; ; ; ; ;0;0;0;0; ; ; ; ; ; ; ; ; ; ; ; ;1; ;2;R092; ;C349; ;C61; ; ; ;E149; ;C61; ;1;210;28
1;1;1; ;6,6001E+11;COORP. IPS CRUZ BLANCA CLINICA PEREIRA;2;2011;2;17;37;1;6;20;5;2;5;2; ;VIGILANTES Y CELADORES;6;170;66;400;1;1;1;E.P.S.  SALUDCOOP;1;1; ; ; ; ;0;0;0;0; ; ; ; ; ; ; ; ; ; ;1; ; ; ;1;A419; ;L033; ; ; ; ; ;C61;D849;C61; ;1;210;28
1;1;1; ;6,6001E+11;COORP. IPS CRUZ BLANCA CLINICA PEREIRA;2;2011;3;12;50;1;9;23;6;99;99;2; ;PENSIONADO;6;170;66;1;1;1;1;E.P.S.  SALUDCOOP;1;2; ; ; ; ;0;0;0;0; ; ; ; ; ; ; ; ; ; ;1; ;1; ;1;R570; ;D539; ;R31; ;C61; ; ; ;C61; ;1;210;28
1;1;3; ;6,6001E+11;CLINICA COMFAMILIAR;2;2011;3;8;0;1;6;23;6;99;99;2; ;PENSIONADO;6;170;66;1;1;1;1;COLMEDICA - SALUD COLMENA E.P.S.;1;2; ; ; ; ;0;0;0;0; ; ; ; ; ; ; ; ; ; ; ; ;1; ;2;J960; ;C61; ; ; ; ; ; ; ;C61; ;1;210;28
594;3;3; ;6,6594E+11;EMPRESA SOCIAL DEL ESTADO HOSPITAL NAZARETH QUINCHIA;2;2011;3;5;30;1;6;24;6;13;0;2; ;AGRICULTORES DE CULTIVOS TRANSITORIOS;6;170;66;594;3;2;2;CONDOR S.A - ENTIDAD PROMOTORA DE SALUD CONDOR S.A. ADMINISTRADORA DEL REGIMEN SUBSIDIADO;1;2; ; ; ; ;0;0;0;0; ; ; ; ; ; ; ; ; ; ;1; ; ; ;1;I219; ;C61; ; ; ; ; ;D649; ;C61; ;1;210;28
1;1;3; ;6,6001E+11;SERVICIO DE EMERGENCIAS REGIONALSERVICIO DE AMBULANCIA PREPAGO S.A;2;2011;1;19;15;1;6;19;5;9;6;2; ;INGENIEROS CIVILES, INGENIEROS DE TRANSPORTE Y AFINES;6;170;66;1;1;1;1;COOMEVA   E.P.S.  S.A.;1;1; ; ; ; ;0;0;0;0; ; ; ; ; ; ; ; ; ; ;1; ; ; ;1;R688; ;C80; ;C798; ; ; ;N19; ;C61; ;1;210;28
1;1;3; ;6,6001E+11;SERVICIO DE EMERGENCIAS REGIONALSERVICIO DE AMBULANCIA PREPAGO S.A;2;2011;3;20;30;1;6;25;6;2;5;2; ;SIN INFORMACION;6;170;66;1;1;1;1;EPS S.O.S. S.A. - EPS SERVICIO OCCIDENTAL DE SALUD  S.A.;1;2; ; ; ; ;0;0;0;0; ; ; ; ; ; ; ; ; ; ; ; ;1; ;2;R570; ;R688; ;C80; ;C61; ; ; ;C61; ;1;210;28
1;1;3; ;6,6001E+11;CLINICA LOS ROSALES S.A;2;2011;3;19;15;1;1;21;6;2;5;2; ;DIRECTORES DE DEPARTAMENTOS DE PRODUCCIËN Y OPERACIONES EN COMERCIO MAYORISTA Y MINORISTAS;6;170;66;1;1;1;1;COOMEVA   E.P.S.  S.A.;1;1; ; ; ; ;0;0;0;0; ; ; ; ; ; ; ; ; ; ;1; ; ; ;1;G938; ;N180; ;C61; ; ; ; ; ;C61; ;1;210;28
1;1;1; ;6,6001E+11;COORP. IPS CRUZ BLANCA CLINICA PEREIRA;2;2011;3;8;0;1;1;25;6;2;4;2; ;AGRICULTORES DE CULTIVOS TRANSITORIOS;6;170;76;147;1;1;1;E.P.S.  SALUDCOOP;1;2; ; ; ; ;0;0;0;0; ; ; ; ; ; ; ; ; ; ;1; ; ; ;1;R570; ;J969; ;R688; ;C61; ;J449; ;C61; ;1;210;28
1;1;1; ;6,6001E+11;HOSPITAL DE CUBA;2;2011;2;7;45;1;6;25;6;2;1;2; ;SIN INFORMACION;6;170;66;1;1;2;2;ASMET SALUD ESS - ASOCIACION MUTUAL LA ESPERANZA;1;2; ; ; ; ;0;0;0;0; ; ; ; ; ; ; ; ; ; ; ; ;1; ;1;C61; ;C80; ;I219; ; ; ; ; ;C61; ;1;210;28
1;1;3; ; ; ;2;2011;2;17;5;1;9;22;6;99;99;2; ;SIN INFORMACION;6;170;66;1;1;5; ; ;1;2; ; ; ; ;0;0;0;0; ; ; ; ; ; ; ; ; ; ;1; ;1; ;1;G931; ;I469; ;C61; ; ; ; ; ;C61; ;1;210;28
1;1;1; ;6,6001E+11;FUNDACIËN CL-NICA CARDIOVASCULAR DEL NIÐO DE RISARALDA;2;2011;4;23;0;1;6;21;6;99;99;2; ;PENSIONADO;6;170;66;1;1;1;1;NUEVA EPS SA;1;1; ; ; ; ;0;0;0;0; ; ; ; ; ; ; ; ; ; ;1; ; ; ;1;J961; ;C780; ;C61; ; ; ;E46; ;C61; ;1;210;28
75;1;1; ;6,6075E+11;EMPRESA SOCIAL DEL ESTADO HOSPITAL CRISTO REY;2;2011;6;2;0;1;4;25;6;2;5;2; ;PENSIONADO;6;170;66;75;1;1;1;NUEVA EPS SA;1;2; ; ; ; ;0;0;0;0; ; ; ; ; ; ; ; ; ; ;1; ; ; ;1;J960; ;C61; ; ; ; ; ; ; ;C61; ;1;210;28
383;1;3; ;6,6383E+11;EMPRESA SOCIAL DEL ESTADO HOSPITAL SAN JOSE;2;2011;3;5;30;1;4;25;6;99;99;2; ;HOGAR;6;170;66;383;1;2;2;CAFESALUD REGIMEN SUBSIDIADO;1;1; ; ; ; ;0;0;0;0; ; ; ; ; ; ; ; ; ; ;1; ;1; ;1;E41; ;C61; ; ; ; ; ; ; ;C61; ;1;210;28
687;2;3; ;6,6687E+11;EMPRESA SOCIAL DEL ESTADO HOSPITAL SAN VICENTE DE PAUL;2;2011;3;18;45;1;4;22;6;2;1;2; ;SIN INFORMACION;6;170;66;687;2;2;2;CAFESALUD REGIMEN SUBSIDIADO;1;2; ; ; ; ;0;0;0;0; ; ; ; ; ; ; ; ; ; ;1; ;1; ;1;C61; ;E878; ; ; ; ; ; ; ;C61; ;1;210;28
594;2;3; ;6,6594E+11;CENTRO DE SALUD SANTA TERESITA IRRA;2;2011;6;3;0;1;4;25;6;2;5;2; ;AGRICULTORES DE CULTIVOS PERMANENTES (PLANTACIONES DE -RBOLES Y ARBUSTOS);6;170;66;594;2;1;1;NUEVA EPS SA;1;2; ; ; ; ;0;0;0;0; ; ; ; ; ; ; ; ; ; ; ; ;1; ;2;E872; ;C61; ; ; ; ; ;C80; ;C61; ;1;210;28
1;1;1; ;6,6001E+11;CLINICA COMFAMILIAR;2;2011;5;15;0;1;6;22;6;2;5;2; ;AGENTES P+BLICOS Y PRIVADOS DE COLOCACIËN Y CONTRATISTAS DE MANO DE OBRA;6;170;66;1;1;1;1;CAFESALUD;1;1; ; ; ; ;0;0;0;0; ; ; ; ; ; ; ; ; ; ;1; ; ; ;1;J960; ;C782; ;C780;C793;C61; ; ; ;C61; ;1;210;28
1;1;3; ;6,6001E+11;SERVICIO DE EMERGENCIAS REGIONALSERVICIO DE AMBULANCIA PREPAGO S.A;2;2011;6;21;5;1;6;24;6;2;5;2; ;SIN INFORMACION;6;170;66;170;1;4;4;FONDO DE PRESTACIONES SOCIALES DEL MAGISTERIO;1;2; ; ; ; ;0;0;0;0; ; ; ; ; ; ; ; ; ; ;1; ;1; ;1;I469; ;C61; ;E149; ; ; ; ; ;C61; ;1;210;28
88;2;3; ;6,6088E+11;EMPRESA SOCIAL DEL ESTADO HOSPITAL SAN JOSE;2;2011;5;22;20;1;6;23;6;13;0;2; ;AGRICULTORES DE CULTIVOS PERMANENTES (PLANTACIONES DE -RBOLES Y ARBUSTOS);6;170;66;88;3;1;1;COOMEVA   E.P.S.  S.A.;1;2; ; ; ; ;0;0;0;0; ; ; ; ; ; ; ; ; ; ;1; ;1; ;1;R688; ;C80; ;C61; ; ; ; ; ;C61; ;1;210;28
572;1;3; ;6,6572E+11;ESE HOSPITAL SAN RAFAEL;2;2011;5;11;0;1;4;24;6;13;0;2; ;SIN INFORMACION;6;170;66;572;1;2;2;CAFESALUD REGIMEN SUBSIDIADO;1;1; ; ; ; ;0;0;0;0; ; ; ; ; ; ; ; ; ; ;1; ;1; ;1;I219; ;R688; ;C61; ; ; ; ; ;C61; ;1;210;28
1;1;1; ;6,6001E+11;HOSPITAL DE CUBA;2;2011;5;5;15;1;4;25;6;2;5;2; ;ELECTROT+CNICOS;6;170;66;1;1;2;2;CAFESALUD REGIMEN SUBSIDIADO;1;1; ; ; ; ;0;0;0;0; ; ; ; ; ; ; ; ; ; ;1; ; ; ;1;N390; ;N390; ;C61; ; ; ; ; ;C61; ;1;210;28
1;1;3; ;6,6001E+11;FUNDACIËN CL-NICA CARDIOVASCULAR DEL NIÐO DE RISARALDA;2;2011;6;12;30;1;4;25;6;2;5;2; ;PENSIONADO;6;170;66;1;1;1;1;NUEVA EPS SA;1;2; ; ; ; ;0;0;0;0; ; ; ; ; ; ; ; ; ; ;1; ;1; ;1;C61; ; ; ; ; ; ; ; ; ;C61; ;1;210;28
1;1;1; ;6,6001E+11;COORP. IPS CRUZ BLANCA CLINICA PEREIRA;2;2011;2;0;8;1;9;23;6;2;5;2; ;AGRICULTORES DE CULTIVOS TRANSITORIOS;6;170;66;170;1;1;1;E.P.S.  SALUDCOOP;1;2; ; ; ; ;0;0;0;0; ; ; ; ; ; ; ; ; ; ;1; ; ; ;1;C798; ; ; ; ; ; ; ;M844; ;C61; ;1;210;28
170;1;1; ;6,617E+11;EMPRESA SOCIAL DEL ESTADO HOSPITAL SANTA MONICA;2;2011;7;21;30;1;1;23;6;2;5;2; ;SIN INFORMACION;6;170;66;170;1;2;2;ASMET SALUD ESS - ASOCIACION MUTUAL LA ESPERANZA;1;1; ; ; ; ;0;0;0;0; ; ; ; ; ; ; ; ; ; ; ;1; ; ;1;C61; ; ; ; ; ; ; ; ; ;C61; ;1;210;28
1;1;1; ;6,6001E+11;CLINICA SAN RAFAEL;2;2011;6;15;45;1;6;24;6;2;5;2; ;SIN INFORMACION;6;170;66;170;1;1;1;SALUD TOTAL S.A. ENTIDAD PROMOTORA DE SALUD;1;1; ; ; ; ;0;0;0;0; ; ; ; ; ; ; ; ; ; ;1; ;1; ;1;R092; ;I219; ;R688; ;C61; ; ; ;C61; ;1;210;28
456;1;3; ;6,6456E+11;EMPRESA SOCIAL DEL ESTADO HOSPITAL SAN VICENTE DE PAUL DE MISTRATO RISARALDA;2;2011;7;21;25;1;6;26;6;99;99;2; ;AGRICULTORES DE CULTIVOS TRANSITORIOS;6;170;66;456;3;1;1;COOMEVA   E.P.S.  S.A.;1;1; ; ; ; ;0;0;0;0; ; ; ; ; ; ; ; ; ; ;1; ;1; ;1;R688; ;A419; ;A419; ;N390; ;C61; ;C61; ;1;210;28
440;1;3; ;6,644E+11;EMPRESA SOCIAL DEL ESTADO HOSPITAL SAN JOSE DE MARSELLA;2;2011;7;5;15;1;6;23;6;2;1;2; ;AGRICULTORES DE CULTIVOS TRANSITORIOS;6;170;66;440;1;1;1;NUEVA EPS SA;1;2; ; ; ; ;0;0;0;0; ; ; ; ; ; ; ; ; ; ;1; ;1; ;1;R570; ;E86; ;C61; ; ; ; ; ;C61; ;1;210;28
1;1;1; ;6,6001E+11;HOSPITAL DE CUBA;2;2011;7;10;0;1;4;26;6;99;99;2; ;VIGILANTES Y CELADORES;6;170;66;1;1;2;2;ASMET SALUD ESS - ASOCIACION MUTUAL LA ESPERANZA;1;2; ; ; ; ;0;0;0;0; ; ; ; ; ; ; ; ; ; ;1; ; ; ;1;I219; ;C61; ;C780; ; ; ; ; ;C61; ;1;210;28
682;1;3; ;6,6682E+11;EMPRESA SOCIAL DEL ESTADO HOSPITAL SAN VICENTE DE PAUL SANTA ROSA DE CABAL;2;2011;7;17;50;1;4;26;6;2;3;2; ;AGRICULTORES DE CULTIVOS TRANSITORIOS;6;170;66;682;1;1;1;NUEVA EPS SA;1;2; ; ; ; ;0;0;0;0; ; ; ; ; ; ; ; ; ; ;1; ; ; ;1;R571; ;R31; ;C61; ; ; ;J189; ;C61; ;1;210;28
1;1;3; ;6,6001E+11;HOSPITAL DE CUBA;2;2011;8;12;30;1;4;25;6;13;0;2; ;AGRICULTORES DE CULTIVOS PERMANENTES (PLANTACIONES DE -RBOLES Y ARBUSTOS);6;170;66;1;1;2;2;ASMET SALUD ESS - ASOCIACION MUTUAL LA ESPERANZA;1;2; ; ; ; ;0;0;0;0; ; ; ; ; ; ; ; ; ; ; ; ;1; ;1;R688; ;C61; ; ; ; ; ;I500; ;C61; ;1;210;28
440;1;1; ;6,644E+11;EMPRESA SOCIAL DEL ESTADO HOSPITAL SAN JOSE DE MARSELLA;2;2011;8;3;55;1;9;19;5;1;3;2; ;AGENTES COMERCIALES Y CORREDORES, NO CLASIFICADOS BAJO OTROS EP-GRAFES;6;170;66;440;1;2;2;CAFESALUD REGIMEN SUBSIDIADO;1;2; ; ; ; ;0;0;0;0; ; ; ; ; ; ; ; ; ;1; ; ; ; ;1;I219; ;C80; ;C61; ; ; ; ; ;C61; ;1;210;28
682;1;3; ;6,6682E+11;EMPRESA SOCIAL DEL ESTADO HOSPITAL SAN VICENTE DE PAUL SANTA ROSA DE CABAL;2;2011;8;11;20;1;1;23;6;2;3;2; ;HOGAR;6;170;66;682;1;1;1;E.P.S.  SALUDCOOP;1;2; ; ; ; ;0;0;0;0; ; ; ; ; ; ; ; ; ; ; ; ;1; ;2;I469; ;R571; ;K922; ; ; ;C61;C780;C61; ;1;210;28
1;1;3; ;6,6001E+11;SERVICIO DE EMERGENCIAS REGIONALSERVICIO DE AMBULANCIA PREPAGO S.A;2;2011;8;12;30;1;1;25;6;2;5;2; ;VIGILANTES Y CELADORES;6;170;66;1;1;1;1;NUEVA EPS SA;1;2; ; ; ; ;0;0;0;0; ; ; ; ; ; ; ; ; ; ;1; ; ; ;1;C61; ; ; ; ; ; ; ; ; ;C61; ;1;210;28
1;1;1; ;6,6001E+11;CLINICA LOS ROSALES S.A;2;2011;8;18;40;1;6;22;6;9;5;2; ;PENSIONADO;6;170;66;1;1;1;1;COMPAÐ-A SURAMERICANA ADMINISTRADORA DE RIESGOS PROFESIONALES Y SEGUROS DE VIDA;1;1; ; ; ; ;0;0;0;0; ; ; ; ; ; ; ; ; ; ;1; ; ; ;1;N180; ;C61; ; ; ; ; ; ; ;C61; ;1;210;28
1;1;3; ;6,6001E+11;HOSPITAL DE KENNEDY;2;2011;9;14;40;1;1;20;5;13;0;2; ;OBREROS DE LA CONSTRUCCIËN DE EDIFICIOS;6;170;66;1;1;2;2;ASMET SALUD ESS - ASOCIACION MUTUAL LA ESPERANZA;1;2; ; ; ; ;0;0;0;0; ; ; ; ; ; ; ; ; ; ;1; ; ; ;1;C61; ; ; ; ; ; ; ; ; ;C61; ;1;210;28
1;1;1; ;6,6001E+11;CLINICA COMFAMILIAR;2;2011;9;18;50;1;6;23;6;13;0;2; ;AGRICULTORES DE CULTIVOS TRANSITORIOS;6;170;76;147;1;3;5;FUERZAS MILITARES;1;2; ; ; ; ;0;0;0;0; ; ; ; ; ; ; ; ; ; ;1; ; ; ;1;I469; ;E872; ;N189; ; ; ;C61; ;C61; ;1;210;28
1;1;1; ;6,6001E+11;COORP. IPS CRUZ BLANCA CLINICA PEREIRA;2;2011;9;7;35;1;5;22;6;3;6;2; ;HOGAR;6;170;66;1;1;1;1;E.P.S.  SALUDCOOP;1;2; ; ; ; ;0;0;0;0; ; ; ; ; ; ; ; ; ; ;1; ; ; ;1;I499; ;E878; ;N19; ;C61; ; ; ;C61; ;1;210;28
1;1;1; ;6,6001E+11;FUNDACIËN CL-NICA CARDIOVASCULAR DEL NIÐO DE RISARALDA;2;2011;9;0;20;1;6;23;6;2;5;2; ;PENSIONADO;6;170;66;1;3;1;1;NUEVA EPS SA;1;1; ; ; ; ;0;0;0;0; ; ; ; ; ; ; ; ; ; ;1; ; ; ;1;J80; ;J189; ;C61; ;C780;C794;C80; ;C61; ;1;210;28
1;1;1; ;6,6001E+11;FUNDACIËN CL-NICA CARDIOVASCULAR DEL NIÐO DE RISARALDA;2;2011;8;15;30;1;6;25;6;3;9;2; ;SIN INFORMACION;6;170;66;1;1;1;1;NUEVA EPS SA;1;1; ; ; ; ;0;0;0;0; ; ; ; ; ; ; ; ; ; ;1; ; ; ;1;C61; ;C795; ; ; ; ; ; ; ;C61; ;1;210;28
682;1;3; ;6,6682E+11;EMPRESA SOCIAL DEL ESTADO HOSPITAL SAN VICENTE DE PAUL SANTA ROSA DE CABAL;2;2011;10;22;0;1;6;21;6;2;5;2; ;AGRICULTORES DE CULTIVOS TRANSITORIOS;6;170;66;682;1;2;2;CAFESALUD REGIMEN SUBSIDIADO;1;2; ; ; ; ;0;0;0;0; ; ; ; ; ; ; ; ; ; ; ; ;1; ;2;I469; ;C80; ;C61; ; ; ; ; ;C61; ;1;210;28
1;1;1; ;6,6001E+11;FUNDACIËN CL-NICA CARDIOVASCULAR DEL NIÐO DE RISARALDA;2;2011;7;0;50;1;6;22;6;2;5;2; ;PENSIONADO;6;170;66;1;1;1;1;NUEVA EPS SA;1;1; ; ; ; ;0;0;0;0; ; ; ; ; ; ; ; ; ; ;1; ; ; ;1;I469; ;C61; ; ; ; ; ; ; ;C61; ;1;210;28
1;1;1; ;6,6001E+11;INVERSIONES CLINICA MARAÐON LTDA;2;2011;10;13;15;1;1;26;6;3;9;2; ;AGRICULTORES DE CULTIVOS TRANSITORIOS;6;170;66;1;3;1;1;COOMEVA   E.P.S.  S.A.;1;2; ; ; ; ;0;0;0;0; ; ; ; ; ; ; ; ; ; ;1; ; ; ;1;I469; ;J189; ;I10; ;C61; ; ; ;C61; ;1;210;28
383;1;3; ;6,6383E+11;EMPRESA SOCIAL DEL ESTADO HOSPITAL SAN JOSE;2;2011;10;10;10;1;6;24;6;2;5;2; ;AGRICULTORES DE CULTIVOS TRANSITORIOS;6;170;66;383;1;2;2;CAFESALUD REGIMEN SUBSIDIADO;1;1; ; ; ; ;0;0;0;0; ; ; ; ; ; ; ; ; ; ;1; ;1; ;1;N189; ;C61; ; ; ; ; ; ; ;C61; ;1;210;28
1;1;3; ;6,6001E+11;FUNDACIËN CL-NICA CARDIOVASCULAR DEL NIÐO DE RISARALDA;2;2011;10;2;40;1;6;24;6;2;5;2; ;M+SICOS, CANTANTES Y BAILARINES CALLEJEROS, DE CABARET Y AFINES;6;170;66;1;1;1;1;NUEVA EPS SA;1;2; ; ; ; ;0;0;0;0; ; ; ; ; ; ; ; ; ; ;1; ; ; ;1;C80; ;C61; ; ; ; ; ; ; ;C61; ;1;210;28
1;1;1; ;6,6001E+11;EMPRESA SOCIAL DEL ESTADO HOSPITAL UNIVERSITARIO SAN JORGE;2;2011;10;9;50;1;1;22;6;2;5;2; ;AGRICULTORES DE CULTIVOS TRANSITORIOS;5;170;66;400;1;2;2;CAFESALUD REGIMEN SUBSIDIADO;1;1; ; ; ; ;0;0;0;0; ; ; ; ; ; ; ; ; ; ;1; ; ; ;1;R092; ;C80; ;C61; ; ; ; ; ;C61; ;1;210;28
1;1;3; ;6,6001E+11;CLINICA COMFAMILIAR;2;2011;10;6;10;1;6;25;6;2;5;2; ;TRABAJADORES PECUARIOS, GANADEROS Y AFINES, NO CLASIFICADOS BAJO OTROS EP-GRAFES;6;170;66;1;1;1;1;COMFAMILIARES EN SALUD UT;1;2; ; ; ; ;0;0;0;0; ; ; ; ; ; ; ; ; ; ; ; ;1; ;2;R570; ;I469; ;C61; ; ; ;C61; ;C61; ;1;210;28
1;1;1; ;6,6001E+11;CLINICA LOS ROSALES S.A;2;2011;11;0;10;1;6;24;6;6;11;2; ;PROFESORES DE EDUCACIËN SECUNDARIA;6;170;66;1;1;1;1;COOMEVA   E.P.S.  S.A.;1;2; ; ; ; ;0;0;0;0; ; ; ; ; ; ; ; ; ; ;1; ; ; ;1;J969; ;C61; ; ; ; ; ; ; ;C61; ;1;210;28
682;1;3; ;6,6682E+11;EMPRESA SOCIAL DEL ESTADO HOSPITAL SAN VICENTE DE PAUL SANTA ROSA DE CABAL;2;2011;11;13;10;1;6;25;6;4;11;2; ;REPRESENTANTES COMERCIALES Y T+CNICOS DE VENTAS;6;170;66;682;1;1;1;COOMEVA   E.P.S.  S.A.;1;2; ; ; ; ;0;0;0;0; ; ; ; ; ; ; ; ; ; ; ; ;1; ;2;I469; ;C61; ; ; ; ; ; ; ;C61; ;1;210;28
1;1;3; ;6,6001E+11;CLINICA COMFAMILIAR;2;2011;11;21;30;1;6;24;6;2;5;2; ;COCINEROS Y AFINES;5;170;66;1;1;3;5;FUERZAS MILITARES;1;2; ; ; ; ;0;0;0;0; ; ; ; ; ; ; ; ; ; ;1; ; ; ;1;R570; ;C61; ; ; ; ; ; ; ;C61; ;1;210;28
170;1;3; ;6,617E+11;EMPRESA SOCIAL DEL ESTADO HOSPITAL SANTA MONICA;2;2011;9;14;10;1;9;20;5;2;5;2; ;SIN INFORMACION;6;170;66;170;1;2;2;CAFESALUD REGIMEN SUBSIDIADO;1;2; ; ; ; ;0;0;0;0; ; ; ; ; ; ; ; ; ; ;1; ;1; ;1;I469; ;R688; ;C61; ; ; ; ; ;C61; ;1;210;28
1;2;3; ;6,6001E+11;EMPRESA SOCIAL DEL ESTADO HOSPITAL UNIVERSITARIO SAN JORGE;2;2011;11;4;30;1;4;27;6;2;5;2; ;OBREROS DE LA CONSTRUCCIËN DE EDIFICIOS;6;170;66;1;2;1;1;NUEVA EPS SA;1;2; ; ; ; ;0; ; ; ; ; ; ; ; ; ; ; ; ; ;1; ; ; ;1;A419; ;N390; ;C61; ; ; ; ; ;C61; ;1;210;28
170;1;3; ;6,617E+11;EMPRESA SOCIAL DEL ESTADO HOSPITAL SANTA MONICA;2;2011;11;9;45;1;6;24;6;13;0;2; ;ARTESANOS DE LOS TEJIDOS, EL CUERO Y MATERIALES SIMILARES;6;170;66;170;1;2;2;CAFESALUD REGIMEN SUBSIDIADO;1;2; ; ; ; ;0; ; ; ; ; ; ; ; ; ; ; ; ; ;1; ; ; ;1;I461; ;R688; ;A419; ;C61; ;J449;I10;C61; ;1;210;28
1;1;1; ;6,6001E+11;COORP. IPS CRUZ BLANCA CLINICA PEREIRA;2;2011;11;17;45;1;6;23;6;99;99;2; ;PULIDORES DE METALES Y AFILADORES DE HERRAMIENTAS;6;170;17;174;1;1;1;E.P.S.  SALUDCOOP;1;2; ; ; ; ;0; ; ; ; ; ; ; ; ; ; ; ; ; ;1; ; ; ;1;A499; ;L89; ;C61; ;D539; ;E878; ;C61; ;1;210;28
170;1;3; ;6,617E+11;EMPRESA SOCIAL DEL ESTADO HOSPITAL SANTA MONICA;2;2011;10;11;30;1;6;23;6;2;5;2; ;AGRICULTORES DE CULTIVOS TRANSITORIOS;6;170;66;170;2;2;2;CAFESALUD REGIMEN SUBSIDIADO;1;2; ; ; ; ;0; ; ; ; ; ; ; ; ; ; ; ; ; ;1; ;1; ;1;C61; ;C795; ;C80; ;R688; ;C80;N390;C61; ;1;210;28
1;1;1; ;6,6001E+11;FUNDACIËN CL-NICA CARDIOVASCULAR DEL NIÐO DE RISARALDA;2;2011;12;12;22;1;1;21;6;3;8;2; ;VENDEDORES, DEMOSTRADORES DE TIENDAS Y ALMACENES;6;170;66;1;1;1;1;NUEVA EPS SA;1;1; ; ; ; ;0; ; ; ; ; ; ; ; ; ; ; ; ; ;1; ; ; ;1;N179; ;R578; ; ; ; ; ;C61; ;C61; ;1;210;28
1;1;1; ;6,6001E+11;FUNDACIËN CL-NICA CARDIOVASCULAR DEL NIÐO DE RISARALDA;2;2011;12;17;0;1;6;24;6;3;9;2; ;PENSIONADO;6;170;66;170;1;3;5;POLICIA NACIONAL;1;1; ; ; ; ;0; ; ; ; ; ; ; ; ; ; ; ; ; ;1; ; ; ;1;A419; ;N390; ; ; ; ; ;C61; ;C61; ;1;210;28
1;1;1; ;6,6001E+11;COORP. IPS CRUZ BLANCA CLINICA PEREIRA;2;2011;12;16;20;1;1;22;6;13;0;2; ;AGRICULTORES DE CULTIVOS TRANSITORIOS;6;170;66;682;1;1;1;E.P.S.  SALUDCOOP;1;1; ; ; ; ;0; ; ; ; ; ; ; ; ; ; ; ; ; ;1; ; ; ;1;C61; ;C780; ; ; ; ; ;D696; ;C61; ;1;210;28
1;1;1; ;6,6001E+11;CLINICA COMFAMILIAR;2;2011;12;7;15;1;6;23;6;2;5;2; ;OFICIALES DE LAS FUERZAS MILITARES;6;170;66;1;3;3;5;POLICIA NACIONAL;1;1; ; ; ; ;0; ; ; ; ; ; ; ; ; ; ; ; ; ;1; ; ; ;1;J969; ;C61;C795;I678; ;N189; ; ; ;C61; ;1;210;28
682;3;3; ;6,6682E+11;EMPRESA SOCIAL DEL ESTADO HOSPITAL SAN VICENTE DE PAUL SANTA ROSA DE CABAL;2;2011;12;7;0;1;4;24;6;13;0;1;2;OBREROS Y PEONES AGROPECUARIOS DE LABRANZA Y DE INVERNADERO;6;170;66;682;3;2;2;CAFESALUD REGIMEN SUBSIDIADO;1;2; ; ; ; ;0; ; ; ; ; ; ; ; ; ; ; ; ; ; ; ;1; ;2;R570; ;C61; ; ; ; ; ; ; ;C61; ;1;210;28
1;1;1; ;6,6001E+11;COORP. IPS CRUZ BLANCA CLINICA PEREIRA;2;2011;11;19;50;1;5;23;6;2;5;2; ;SIN INFORMACION;6;170;66;1;1;1;1;E.P.S.  SALUDCOOP;1;1; ; ; ; ;0; ; ; ; ; ; ; ; ; ; ; ; ; ;1; ; ; ;1;J81; ;I509; ;C61; ; ; ; ; ;C61; ;1;210;28
1;1;3; ;6,6001E+11;FUNDACIËN CL-NICA CARDIOVASCULAR DEL NIÐO DE RISARALDA;2;2011;12;8;15;1;6;23;6;13;0;2; ;PENSIONADO;6;170;66;1;1;1;1;NUEVA EPS SA;1;2; ; ; ; ;0; ; ; ; ; ; ; ; ; ; ; ; ; ;1; ; ; ;1;R571; ;D649; ;C61; ; ; ;E149;I10;C61; ;1;210;28
1;1;1; ;6,6001E+11;FUNDACIËN CL-NICA CARDIOVASCULAR DEL NIÐO DE RISARALDA;2;2011;10;9;30;1;6;24;6;99;99;2; ;SIN INFORMACION;6;170;66;1;1;1;1;NUEVA EPS SA;1;1; ; ; ; ;0; ; ; ; ; ;0; ; ; ; ; ; ; ;1; ; ; ;1;I509; ;N19; ; ; ; ; ;C61; ;C61; ;1;210;28
400;1;3; ; ; ;2;2011;3;99;99;1;9;25;6;99;99;2; ; ;9; ;66;400;1;5; ; ;1;2; ; ; ; ;0;0;0;0; ; ;0; ; ; ; ; ; ; ; ; ;1; ;3;C61; ; ; ; ; ; ; ; ; ;C61; ;1;210;28
